,,Final_reads,Sample_name,short_name,geno_assignment,pop
  , ,9191036,Bgcultivar_na_1_1-1112E_S476_L006_R1_001_T_Q_A.fastq,na,not,SGS
 , ,45662188,Bgcultivar_na_2_1-1112F_S477_L006_R1_001_T_Q_A.fastq,na,not,SGS
 ,,21948356,Bgcultivar_na_3_1-1112G_S478_L006_R1_001_T_Q_A.fastq,na,not,SGS
 , ,36746936,Bgcultivar_na_4_1-1112H_S479_L006_R1_001_T_Q_A.fastq,na,not,SGS
  , ,12423004,Bgedge_1_1_1-113E_S412_L006_R1_001_T_Q_A.fastq,na,not,SGS
 , ,12052832,Bgedge_1_1_2-113F_S413_L006_R1_001_T_Q_A.fastq,na,not,SGS
 , ,13241444,Bgedge_1_1_3-113G_S414_L006_R1_001_T_Q_A.fastq,na,not,SGS
 ,,17186468,Bgedge_1_2_1-113H_S415_L006_R1_001_T_Q_A.fastq,na,not,SGS
  ,,25172732,Bgedge_1_3_1-114A_S416_L006_R1_001_T_Q_A.fastq,na,not,SGS
  ,,1557228,Bgedge_1_4_1-114B_S417_L006_R1_001_T_Q_A.fastq,na,not,SGS
 , ,11077736,Bgedge_1_5_1-114C_S418_L006_R1_001_T_Q_A.fastq,na,not,SGS
 , ,6590544,Bgedge_10_1_1-117B_S441_L006_R1_001_T_Q_A.fastq,na,not,SGS
 , ,15979848,Bgedge_10_2_1-117C_S442_L006_R1_001_T_Q_A.fastq,na,not,SGS
 , ,15706556,Bgedge_10_3_1-117D_S443_L006_R1_001_T_Q_A.fastq,na,not,SGS
 , ,14879060,Bgedge_10_4_1-117E_S444_L006_R1_001_T_Q_A.fastq,na,not,SGS
  , ,9545288,Bgedge_10_5_1-117F_S445_L006_R1_001_T_Q_A.fastq,na,not,SGS
 , ,7755220,Bgedge_10_6_1-117G_S446_L006_R1_001_T_Q_A.fastq,na,not,SGS
 , ,11558452,Bgedge_2_1_1-114D_S419_L006_R1_001_T_Q_A.fastq,na,not,SGS
 , ,14120200,Bgedge_2_2_1-114E_S420_L006_R1_001_T_Q_A.fastq,na,not,SGS
 , ,12348716,Bgedge_2_3_1-114F_S421_L006_R1_001_T_Q_A.fastq,na,not,SGS
 , ,18870768,Bgedge_2_4_1-114G_S422_L006_R1_001_T_Q_A.fastq,na,not,SGS
  , ,6353852,Bgedge_4_1_1-114H_S423_L006_R1_001_T_Q_A.fastq,na,not,SGS
 , ,10989416,Bgedge_4_2_1-115A_S424_L006_R1_001_T_Q_A.fastq,na,not,SGS
 , ,23033904,Bgedge_4_3_1-115B_S425_L006_R1_001_T_Q_A.fastq,na,not,SGS
 , ,10150464,Bgedge_4_4_1-115C_S426_L006_R1_001_T_Q_A.fastq,na,not,SGS
 , ,14132968,Bgedge_4_5_1-115D_S427_L006_R1_001_T_Q_A.fastq,na,not,SGS
 , ,16870128,Bgedge_4_6_1-115E_S428_L006_R1_001_T_Q_A.fastq,na,not,SGS
 , ,12568096,Bgedge_8_1_1-115F_S429_L006_R1_001_T_Q_A.fastq,na,not,SGS
 , ,11804876,Bgedge_8_2_1-115G_S430_L006_R1_001_T_Q_A.fastq,na,not,SGS
 , ,19207092,Bgedge_8_3_1-115H_S431_L006_R1_001_T_Q_A.fastq,na,not,SGS
  , ,7256396,Bgedge_8_4_1-116A_S432_L006_R1_001_T_Q_A.fastq,na,not,SGS
 , ,12796856,Bgedge_8_5_1-116B_S433_L006_R1_001_T_Q_A.fastq,na,not,SGS
  , ,9726032,Bgedge_9_1_1-116C_S434_L006_R1_001_T_Q_A.fastq,na,not,SGS
  , ,5344388,Bgedge_9_1_2-116D_S435_L006_R1_001_T_Q_A.fastq,na,not,SGS
 , ,14627204,Bgedge_9_1_3-116E_S436_L006_R1_001_T_Q_A.fastq,na,not,SGS
 , ,13449232,Bgedge_9_2_1-116F_S437_L006_R1_001_T_Q_A.fastq,na,not,SGS
 , ,14122548,Bgedge_9_3_1-116G_S438_L006_R1_001_T_Q_A.fastq,na,not,SGS
 , ,11236596,Bgedge_9_4_1-116H_S439_L006_R1_001_T_Q_A.fastq,na,not,SGS
  , ,7784992,Bgedge_9_5_1-117A_S440_L006_R1_001_T_Q_A.fastq,na,not,SGS
 , ,16644140,BgHq_1_1_1-117H_S447_L006_R1_001_T_Q_A.fastq,na,not,SGS
 , ,636956,BgHq_1_1_2-118A_S448_L006_R1_001_T_Q_A.fastq,na,not,SGS
 , ,15999920,BgHq_1_1_3-118B_S449_L006_R1_001_T_Q_A.fastq,na,not,SGS
 , ,11455048,BgHq_1_2_1-118C_S450_L006_R1_001_T_Q_A.fastq,na,not,SGS
 , ,12226916,BgHq_1_3_1-118D_S451_L006_R1_001_T_Q_A.fastq,na,not,SGS
  , ,11187152,BgHq_1_4_1-118E_S452_L006_R1_001_T_Q_A.fastq,na,not,SGS
  , ,9813012,BgHq_2_1_1-118F_S453_L006_R1_001_T_Q_A.fastq,na,not,SGS
  , ,11018440,BgHq_2_2_1-118G_S454_L006_R1_001_T_Q_A.fastq,na,not,SGS
  , ,9994788,BgHq_2_3_1-118H_S455_L006_R1_001_T_Q_A.fastq,na,not,SGS
 , ,6247624,BgHq_4_1_1-119A_S456_L006_R1_001_T_Q_A.fastq,na,not,SGS
 , ,9764372,BgHq_4_2_1-119B_S457_L006_R1_001_T_Q_A.fastq,na,not,SGS
  , ,9531852,BgHq_4_3_1-119C_S458_L006_R1_001_T_Q_A.fastq,na,not,SGS
  , ,9791120,BgHq_6_1_1-119D_S459_L006_R1_001_T_Q_A.fastq,na,not,SGS
 , ,1738692,BgHq_6_2_1-119E_S460_L006_R1_001_T_Q_A.fastq,na,not,SGS
 , ,7360768,BgHq_6_3_1-119F_S461_L006_R1_001_T_Q_A.fastq,na,not,SGS
  , ,9805836,BgHq_6_4_1-119G_S462_L006_R1_001_T_Q_A.fastq,na,not,SGS
 , ,7537276,BgHq_6_5_1-119H_S463_L006_R1_001_T_Q_A.fastq,na,not,SGS
 , ,12146532,BgHq_7_1_1-1110A_S464_L006_R1_001_T_Q_A.fastq,na,not,SGS
  , ,10776820,BgHq_7_2_1-1110B_S465_L006_R1_001_T_Q_A.fastq,na,not,SGS
 , ,14227040,BgHq_7_3_1-1110C_S466_L006_R1_001_T_Q_A.fastq,na,not,SGS
 , ,15242276,BgHq_9_1_1-1110D_S467_L006_R1_001_T_Q_A.fastq,na,not,SGS
 , ,12793212,BgHq_9_2_1-1110E_S468_L006_R1_001_T_Q_A.fastq,na,not,SGS
 , ,14168404,BgHq_9_2_2-1110F_S469_L006_R1_001_T_Q_A.fastq,na,not,SGS
  , ,11062748,BgHq_9_2_3-1110G_S470_L006_R1_001_T_Q_A.fastq,na,not,SGS
 , ,8828052,BgHq_9_3_1-1110H_S471_L006_R1_001_T_Q_A.fastq,na,not,SGS
 , ,14838512,BgHq_9_4_1-1111B_S472_L006_R1_001_T_Q_A.fastq,na,not,SGS
  , ,14251848,BgHq_9_5_1-1111B_S473_L006_R1_001_T_Q_A.fastq,na,not,SGS
  , ,10064720,BgHq_9_6_1-1111C_S474_L006_R1_001_T_Q_A.fastq,na,not,SGS
 , ,13388936,BgHq_9_7_1-1111D_S475_L006_R1_001_T_Q_A.fastq,na,not,SGS
,,3353436,BOGR_A01_S68_T_Q_A.fastq,A01,common,A
  , ,4337652,BOGR_A02_S69_T_Q_A.fastq,A02,common,A
  , ,4711816,BOGR_A03_S70_T_Q_A.fastq,A03,not,A
  , ,2647028,BOGR_A04_S71_T_Q_A.fastq,A04,common,A
  , ,3092912,BOGR_A05_S72_T_Q_A.fastq,A05,not,A
 , ,11388908,BOGR_A06_S73_T_Q_A.fastq,A06,not,A
  , ,8487148,BOGR_A07_S74_T_Q_A.fastq,A07,not,A
 , ,10001264,BOGR_A08_S75_T_Q_A.fastq,A08,not,A
  , ,8136760,BOGR_A09_S76_T_Q_A.fastq,A09,not,A
 , ,12846292,BOGR_A10_S77_T_Q_A.fastq,A10,not,A
  , ,5479116,BOGR_A11_S78_T_Q_A.fastq,A11,not,A
  , ,8264308,BOGR_A12_S79_T_Q_A.fastq,A12,not,A
  , ,9091268,BOGR_A13_S80_T_Q_A.fastq,A13,not,A
  , ,7877656,BOGR_A14_S81_T_Q_A.fastq,A14,not,A
 , ,11819720,BOGR_A15_S82_T_Q_A.fastq,A15,not,A
  , ,9568000,BOGR_A16_S83_T_Q_A.fastq,A16,not,A
 , ,10823260,BOGR_A17_S84_T_Q_A.fastq,A17,not,A
  , ,7617716,BOGR_BG01_S203_T_Q_A.fastq,BG01,not,BG
  , ,7245116,BOGR_BG02_S204_T_Q_A.fastq,BG02,common,BG
 , ,13277396,BOGR_BG03_S205_T_Q_A.fastq,BG03,common,BG
  , ,9301928,BOGR_BG04_S206_T_Q_A.fastq,BG04,not,BG
 , ,10388984,BOGR_BG05_S207_T_Q_A.fastq,BG05,not,BG
  , ,9119264,BOGR_BG06_S208_T_Q_A.fastq,BG06,not,BG
 , ,10535988,BOGR_BG07_S209_T_Q_A.fastq,BG07,not,BG
 , ,12096800,BOGR_BG08_S210_T_Q_A.fastq,BG08,not,BG
  , ,8960380,BOGR_BG09_S211_T_Q_A.fastq,BG09,common,BG
 , ,10646244,BOGR_BG10_S212_T_Q_A.fastq,BG10,common,BG
 , ,11375180,BOGR_BG11_S213_T_Q_A.fastq,BG11,not,BG
 , ,10077084,BOGR_BG12_S214_T_Q_A.fastq,BG12,not,BG
 , ,10476488,BOGR_BG13_S215_T_Q_A.fastq,BG13,not,BG
  , ,6341132,BOGR_BG14_S216_T_Q_A.fastq,BG14,common,BG
  , ,8095924,BOGR_BG15_S217_T_Q_A.fastq,BG15,common,BG
  , ,7180448,BOGR_BG16_S218_T_Q_A.fastq,BG16,not,BG
  , ,7146316,BOGR_BG17_S219_T_Q_A.fastq,BG17,common,BG
  , ,9663480,BOGR_BT01_S169_T_Q_A.fastq,BT01,not,BT
  , ,9700192,BOGR_BT02_S170_T_Q_A.fastq,BT02,not,BT
  , ,8526720,BOGR_BT03_S171_T_Q_A.fastq,BT03,not,BT
  , ,7461164,BOGR_BT04_S172_T_Q_A.fastq,BT04,not,BT
  , ,7135756,BOGR_BT05_S173_T_Q_A.fastq,BT05,not,BT
  , ,9958396,BOGR_BT06_S174_T_Q_A.fastq,BT06,not,BT
 , ,13868652,BOGR_BT07_S175_T_Q_A.fastq,BT07,common,BT
  , ,8712032,BOGR_BT08_S176_T_Q_A.fastq,BT08,not,BT
  , ,6295460,BOGR_BT09_S177_T_Q_A.fastq,BT09,not,BT
  , ,7081616,BOGR_BT10_S178_T_Q_A.fastq,BT10,common,BT
  , ,6509548,BOGR_BT11_S179_T_Q_A.fastq,BT11,not,BT
  , ,7092624,BOGR_BT12_S180_T_Q_A.fastq,BT12,not,BT
  , ,8904804,BOGR_BT13_S181_T_Q_A.fastq,BT13,not,BT
  , ,4404300,BOGR_BT14_S182_T_Q_A.fastq,BT14,common,BT
  , ,5107980,BOGR_BT15_S183_T_Q_A.fastq,BT15,common,BT
  , ,5230200,BOGR_BT16_S184_T_Q_A.fastq,BT16,not,BT
  , ,6427356,BOGR_BT17_S185_T_Q_A.fastq,BT17,not,BT
  , ,5313236,BOGR_CI01_S237_T_Q_A.fastq,CI01,not,CIB
  , ,6193668,BOGR_CI02_S238_T_Q_A.fastq,CI02,not,CIB
 , ,12188336,BOGR_CI03_S239_T_Q_A.fastq,CI03,not,CIB
  , ,8574032,BOGR_CI04_S240_T_Q_A.fastq,CI04,not,CIB
  , ,8057752,BOGR_CI05_S241_T_Q_A.fastq,CI05,not,CIB
  , ,8267912,BOGR_CI06_S242_T_Q_A.fastq,CI06,not,CIB
 , ,17621884,BOGR_CI07_S243_T_Q_A.fastq,CI07,not,CIB
 , ,18853652,BOGR_CI08_S244_T_Q_A.fastq,CI08,not,CIB
 , ,49500560,BOGR_CI09_S245_T_Q_A.fastq,CI09,not,CIB
 , ,15635336,BOGR_CI10_S246_T_Q_A.fastq,CI10,not,CIB
 , ,18414136,BOGR_CI11_S247_T_Q_A.fastq,CI11,not,CIB
  , ,6842476,BOGR_CI12_S248_T_Q_A.fastq,CI12,not,CIB
  , ,9333804,BOGR_CI13_S249_T_Q_A.fastq,CI13,not,CIB
  , ,4382052,BOGR_CI14_S250_T_Q_A.fastq,CI14,not,CIB
  , ,4143536,BOGR_CI15_S251_T_Q_A.fastq,CI15,not,CIB
  , ,9310076,BOGR_CI16_S252_T_Q_A.fastq,CI16,not,CIB
  , ,9409876,BOGR_CI17_S253_T_Q_A.fastq,CI17,not,CIB
  , ,8931880,BOGR_CO01_S186_T_Q_A.fastq,CO01,not,CO
  , ,7534172,BOGR_CO02_S187_T_Q_A.fastq,CO02,not,CO
  , ,7968012,BOGR_CO03_S188_T_Q_A.fastq,CO03,not,CO
  , ,6162608,BOGR_CO04_S189_T_Q_A.fastq,CO04,not,CO
  , ,7140608,BOGR_CO05_S190_T_Q_A.fastq,CO05,not,CO
 , ,10879024,BOGR_CO06_S191_T_Q_A.fastq,CO06,not,CO
  , ,8773052,BOGR_CO07_S192_T_Q_A.fastq,CO07,not,CO
  , ,7304360,BOGR_CO08_S193_T_Q_A.fastq,CO08,not,CO
  , ,8237572,BOGR_CO09_S194_T_Q_A.fastq,CO09,not,CO
  , ,8110040,BOGR_CO10_S195_T_Q_A.fastq,CO10,not,CO
  , ,5351372,BOGR_CO11_S196_T_Q_A.fastq,CO11,common,CO
  , ,8574072,BOGR_CO12_S197_T_Q_A.fastq,CO12,not,CO
  , ,4526232,BOGR_CO13_S198_T_Q_A.fastq,CO13,not,CO
 , ,14249868,BOGR_CO14_S199_T_Q_A.fastq,CO14,not,CO
 , ,11298988,BOGR_CO15_S200_T_Q_A.fastq,CO15,not,CO
 , ,10469196,BOGR_CO16_S201_T_Q_A.fastq,CO16,not,CO
  , ,6274832,BOGR_CO17_S202_T_Q_A.fastq,CO17,not,CO
 , ,11667856,BOGR_CP01_S271_T_Q_A.fastq,CP01,not,CP
  , ,9494288,BOGR_CP02_S272_T_Q_A.fastq,CP02,not,CP
  , ,2591472,BOGR_CP03_S273_T_Q_A.fastq,CP03,not,CP
  , ,4851040,BOGR_CP04_S274_T_Q_A.fastq,CP04,common,CP
  , ,3556452,BOGR_CP05_S275_T_Q_A.fastq,CP05,common,CP
 , ,14366492,BOGR_CP06_S276_T_Q_A.fastq,CP06,not,CP
 , ,10226580,BOGR_CP07_S277_T_Q_A.fastq,CP07,not,CP
  , ,9215616,BOGR_CP08_S278_T_Q_A.fastq,CP08,not,CP
 , ,10537664,BOGR_CP09_S279_T_Q_A.fastq,CP09,not,CP
  , ,5853100,BOGR_CP10_S280_T_Q_A.fastq,CP10,not,CP
  , ,6017536,BOGR_CP11_S281_T_Q_A.fastq,CP11,not,CP
  , ,7433948,BOGR_CP12_S282_T_Q_A.fastq,CP12,not,CP
 , ,11623972,BOGR_CP13_S283_T_Q_A.fastq,CP13,not,CP
  , ,9786924,BOGR_CP14_S284_T_Q_A.fastq,CP14,not,CP
  , ,1602780,BOGR_CP15_S285_T_Q_A.fastq,CP15,not,CP
 , ,10870468,BOGR_CP16_S286_T_Q_A.fastq,CP16,not,CP
 , ,14511796,BOGR_CP17_S287_T_Q_A.fastq,CP17,not,CP
  , ,8953752,BOGR_DM01_S118_T_Q_A.fastq,DM01,not,DM
  , ,9445692,BOGR_DM02_S119_T_Q_A.fastq,DM02,not,DM
 , ,11493776,BOGR_DM03_S120_T_Q_A.fastq,DM03,not,DM
 , ,10376044,BOGR_DM04_S121_T_Q_A.fastq,DM04,not,DM
  , ,8529692,BOGR_DM05_S122_T_Q_A.fastq,DM05,not,DM
  , ,9976148,BOGR_DM06_S123_T_Q_A.fastq,DM06,not,DM
  , ,9542816,BOGR_DM07_S124_T_Q_A.fastq,DM07,not,DM
  , ,8132244,BOGR_DM08_S125_T_Q_A.fastq,DM08,not,DM
  , ,8429456,BOGR_DM09_S126_T_Q_A.fastq,DM09,not,DM
  , ,9863660,BOGR_DM10_S127_T_Q_A.fastq,DM10,common,DM
 , ,11928548,BOGR_DM11_S128_T_Q_A.fastq,DM11,not,DM
 , ,14406052,BOGR_DM12_S129_T_Q_A.fastq,DM12,not,DM
 , ,11885776,BOGR_DM13_S130_T_Q_A.fastq,DM13,not,DM
 , ,12855784,BOGR_DM14_S131_T_Q_A.fastq,DM14,not,DM
 , ,10122540,BOGR_DM15_S132_T_Q_A.fastq,DM15,not,DM
 , ,12214012,BOGR_DM16_S133_T_Q_A.fastq,DM16,not,DM
 , ,11819324,BOGR_DM17_S134_T_Q_A.fastq,DM17,not,DM
  , ,9656316,BOGR_HV01_S102_T_Q_A.fastq,HV01,not,HV
  , ,6870440,BOGR_HV02_S103_T_Q_A.fastq,HV02,not,HV
 , ,10444252,BOGR_HV03_S104_T_Q_A.fastq,HV03,not,HV
 , ,13106072,BOGR_HV04_S105_T_Q_A.fastq,HV04,not,HV
 , ,12124660,BOGR_HV05_S106_T_Q_A.fastq,HV05,not,HV
 , ,10946296,BOGR_HV06_S107_T_Q_A.fastq,HV06,not,HV
  , ,7571124,BOGR_HV07_S108_T_Q_A.fastq,HV07,not,HV
  , ,9276736,BOGR_HV08_S109_T_Q_A.fastq,HV08,not,HV
  , ,8715508,BOGR_HV10_S110_T_Q_A.fastq,HV10,not,HV
  , ,7423320,BOGR_HV11_S111_T_Q_A.fastq,HV11,not,HV
  , ,9408008,BOGR_HV12_S112_T_Q_A.fastq,HV12,common,HV
  , ,7375520,BOGR_HV13_S113_T_Q_A.fastq,HV13,not,HV
  , ,7825080,BOGR_HV14_S114_T_Q_A.fastq,HV14,not,HV
  , ,5594824,BOGR_HV15_S115_T_Q_A.fastq,HV15,not,HV
 , ,14513200,BOGR_HV16_S116_T_Q_A.fastq,HV16,not,HV
  , ,7482448,BOGR_HV17_S117_T_Q_A.fastq,HV17,not,HV
,,35398148,BOGR_K01_S18_T_Q_A.fastq,K01,not,K
,,21593900,BOGR_K02_S19_T_Q_A.fastq,K02,not,K
,,24170336,BOGR_K03_S20_T_Q_A.fastq,K03,not,K
,,35761148,BOGR_K04_S21_T_Q_A.fastq,K04,not,K
,,135826872,BOGR_K05_S22_T_Q_A.fastq,K05,not,K
,,13847036,BOGR_K06_S23_T_Q_A.fastq,K06,not,K
,,4311104,BOGR_K07_S24_T_Q_A.fastq,K07,common,K
,,7128344,BOGR_K08_S25_T_Q_A.fastq,K08,not,K
,,1612904,BOGR_K09_S26_T_Q_A.fastq,K09,not,K
,,3440164,BOGR_K10_S27_T_Q_A.fastq,K10,common,K
,,1491568,BOGR_K11_S28_T_Q_A.fastq,K11,not,K
,,2955460,BOGR_K12_S29_T_Q_A.fastq,K12,not,K
,,3346304,BOGR_K13_S30_T_Q_A.fastq,K13,common,K
,,3066620,BOGR_K14_S31_T_Q_A.fastq,K14,not,K
,,3817968,BOGR_K15_S32_T_Q_A.fastq,K15,common,K
,,3803340,BOGR_K16_S33_T_Q_A.fastq,K16,common,K
,,6706428,BOGR_K17_S34_T_Q_A.fastq,K17,not,K
 , ,11891352,BOGR_KNZ01_S254_T_Q_A.fastq,KNZ01,not,KNZ
  , ,5237108,BOGR_KNZ02_S255_T_Q_A.fastq,KNZ02,not,KNZ
 , ,932484,BOGR_KNZ03_S256_T_Q_A.fastq,KNZ03,not,KNZ
  , ,2155592,BOGR_KNZ04_S257_T_Q_A.fastq,KNZ04,not,KNZ
  , ,9518644,BOGR_KNZ05_S258_T_Q_A.fastq,KNZ05,not,KNZ
  , ,4057872,BOGR_KNZ06_S259_T_Q_A.fastq,KNZ06,common,KNZ
 , ,10817352,BOGR_KNZ07_S260_T_Q_A.fastq,KNZ07,not,KNZ
 , ,11062452,BOGR_KNZ08_S261_T_Q_A.fastq,KNZ08,not,KNZ
  , ,5398712,BOGR_KNZ09_S262_T_Q_A.fastq,KNZ09,not,KNZ
  , ,6001900,BOGR_KNZ10_S263_T_Q_A.fastq,KNZ10,not,KNZ
  , ,8355644,BOGR_KNZ11_S264_T_Q_A.fastq,KNZ11,not,KNZ
 , ,16210292,BOGR_KNZ12_S265_T_Q_A.fastq,KNZ12,not,KNZ
 , ,11769816,BOGR_KNZ13_S266_T_Q_A.fastq,KNZ13,not,KNZ
 , ,19107996,BOGR_KNZ14_S267_T_Q_A.fastq,KNZ14,not,KNZ
 , ,17938236,BOGR_KNZ15_S268_T_Q_A.fastq,KNZ15,not,KNZ
 , ,11223416,BOGR_KNZ16_S269_T_Q_A.fastq,KNZ16,not,KNZ
  , ,9296116,BOGR_KNZ17_S270_T_Q_A.fastq,KNZ17,not,KNZ
  , ,7568200,BOGR_RC01_S135_T_Q_A.fastq,RC01,not,RC
 , ,12959284,BOGR_RC02_S136_T_Q_A.fastq,RC02,not,RC
 , ,15636772,BOGR_RC03_S137_T_Q_A.fastq,RC03,not,RC
 , ,13727332,BOGR_RC04_S138_T_Q_A.fastq,RC04,not,RC
  , ,9286036,BOGR_RC05_S139_T_Q_A.fastq,RC05,not,RC
  , ,6836488,BOGR_RC06_S140_T_Q_A.fastq,RC06,common,RC
  , ,5908876,BOGR_RC07_S141_T_Q_A.fastq,RC07,not,RC
 , ,12096720,BOGR_RC08_S142_T_Q_A.fastq,RC08,not,RC
 , ,12023912,BOGR_RC09_S143_T_Q_A.fastq,RC09,not,RC
 , ,11454552,BOGR_RC10_S144_T_Q_A.fastq,RC10,not,RC
 , ,10508088,BOGR_RC11_S145_T_Q_A.fastq,RC11,not,RC
 , ,12527464,BOGR_RC12_S146_T_Q_A.fastq,RC12,not,RC
 , ,12699588,BOGR_RC13_S147_T_Q_A.fastq,RC13,not,RC
 , ,24541772,BOGR_RC14_S148_T_Q_A.fastq,RC14,not,RC
 , ,25925292,BOGR_RC15_S149_T_Q_A.fastq,RC15,not,RC
 , ,26352172,BOGR_RC16_S150_T_Q_A.fastq,RC16,not,RC
 , ,26034152,BOGR_RC17_S151_T_Q_A.fastq,RC17,not,RC
  , ,5384000,BOGR_RM01_S35_T_Q_A.fastq,RM01,common,RM
  , ,2636268,BOGR_RM02_S36_T_Q_A.fastq,RM02,not,RM
  , ,2358828,BOGR_RM03_S37_T_Q_A.fastq,RM03,common,RM
  , ,1388160,BOGR_RM04_S38_T_Q_A.fastq,RM04,not,RM
  , ,2298060,BOGR_RM05_S39_T_Q_A.fastq,RM05,common,RM
  , ,1726744,BOGR_RM06_S40_T_Q_A.fastq,RM06,not,RM
  , ,5514676,BOGR_RM07_S41_T_Q_A.fastq,RM07,not,RM
  , ,7180956,BOGR_RM08_S42_T_Q_A.fastq,RM08,not,RM
  , ,6700784,BOGR_RM09_S43_T_Q_A.fastq,RM09,not,RM
  , ,5949984,BOGR_RM10_S44_T_Q_A.fastq,RM10,common,RM
 , ,11190460,BOGR_RM11_S45_T_Q_A.fastq,RM11,not,RM
 , ,13384844,BOGR_RM12_S46_T_Q_A.fastq,RM12,not,RM
  , ,6908732,BOGR_RM13_S47_T_Q_A.fastq,RM13,not,RM
  , ,5150676,BOGR_RM14_S48_T_Q_A.fastq,RM14,common,RM
 , ,10149892,BOGR_RM15_S49_T_Q_A.fastq,RM15,not,RM
  , ,8222576,BOGR_RM16_S50_T_Q_A.fastq,RM16,not,RM
 , ,18949436,BOGR_RM17_S51_T_Q_A.fastq,RM17,not,RM
  , ,7156092,BOGR_SEV01_S220_T_Q_A.fastq,SEV01,not,SEV
  , ,5001092,BOGR_SEV02_S221_T_Q_A.fastq,SEV02,not,SEV
  , ,7108572,BOGR_SEV03_S222_T_Q_A.fastq,SEV03,not,SEV
  , ,7070288,BOGR_SEV04_S223_T_Q_A.fastq,SEV04,not,SEV
  , ,6745908,BOGR_SEV05_S224_T_Q_A.fastq,SEV05,not,SEV
  , ,7307640,BOGR_SEV06_S225_T_Q_A.fastq,SEV06,not,SEV
  , ,7713768,BOGR_SEV07_S226_T_Q_A.fastq,SEV07,not,SEV
  , ,6262520,BOGR_SEV08_S227_T_Q_A.fastq,SEV08,not,SEV
  , ,7946368,BOGR_SEV09_S228_T_Q_A.fastq,SEV09,not,SEV
  , ,8029932,BOGR_SEV10_S229_T_Q_A.fastq,SEV10,not,SEV
  , ,7208548,BOGR_SEV11_S230_T_Q_A.fastq,SEV11,not,SEV
  , ,8196096,BOGR_SEV12_S231_T_Q_A.fastq,SEV12,not,SEV
  , ,5142608,BOGR_SEV13_S232_T_Q_A.fastq,SEV13,not,SEV
  , ,5757428,BOGR_SEV14_S233_T_Q_A.fastq,SEV14,not,SEV
  , ,8642960,BOGR_SEV15_S234_T_Q_A.fastq,SEV15,not,SEV
  , ,5229820,BOGR_SEV16_S235_T_Q_A.fastq,SEV16,not,SEV
  , ,5883316,BOGR_SEV17_S236_T_Q_A.fastq,SEV17,not,SEV
  , ,3211532,BOGR_SGS01_S85_T_Q_A.fastq,SGS01,not,SGS
 , ,12056796,BOGR_SGS02_S86_T_Q_A.fastq,SGS02,not,SGS
  , ,9972240,BOGR_SGS03_S87_T_Q_A.fastq,SGS03,not,SGS
  , ,9488396,BOGR_SGS04_S88_T_Q_A.fastq,SGS04,not,SGS
 , ,10032164,BOGR_SGS05_S89_T_Q_A.fastq,SGS05,not,SGS
  , ,8199468,BOGR_SGS06_S90_T_Q_A.fastq,SGS06,common,SGS
 , ,10203184,BOGR_SGS07_S91_T_Q_A.fastq,SGS07,not,SGS
 , ,11461244,BOGR_SGS08_S92_T_Q_A.fastq,SGS08,not,SGS
  , ,7387480,BOGR_SGS09_S93_T_Q_A.fastq,SGS09,not,SGS
  , ,6652228,BOGR_SGS10_S94_T_Q_A.fastq,SGS10,not,SGS
  , ,8370724,BOGR_SGS11_S95_T_Q_A.fastq,SGS11,not,SGS
 , ,12406084,BOGR_SGS12_S96_T_Q_A.fastq,SGS12,not,SGS
 , ,14144160,BOGR_SGS13_S97_T_Q_A.fastq,SGS13,not,SGS
 , ,11325316,BOGR_SGS14_S98_T_Q_A.fastq,SGS14,not,SGS
  , ,8768928,BOGR_SGS15_S99_T_Q_A.fastq,SGS15,not,SGS
 , ,10079580,BOGR_SGS16_S100_T_Q_A.fastq,SGS16,not,SGS
 , ,11422048,BOGR_SGS17_S101_T_Q_A.fastq,SGS17,not,SGS
  , ,7987496,BOGR_ST01_S152_T_Q_A.fastq,ST01,common,ST
 , ,10314548,BOGR_ST02_S153_T_Q_A.fastq,ST02,not,ST
  , ,8577852,BOGR_ST03_S154_T_Q_A.fastq,ST03,common,ST
  , ,7714532,BOGR_ST04_S155_T_Q_A.fastq,ST04,not,ST
  , ,7910500,BOGR_ST05_S156_T_Q_A.fastq,ST05,not,ST
  , ,8598596,BOGR_ST06_S157_T_Q_A.fastq,ST06,common,ST
  , ,6452168,BOGR_ST07_S158_T_Q_A.fastq,ST07,not,ST
 , ,17311788,BOGR_ST08_S159_T_Q_A.fastq,ST08,not,ST
  , ,8750468,BOGR_ST09_S160_T_Q_A.fastq,ST09,not,ST
  , ,9618320,BOGR_ST10_S161_T_Q_A.fastq,ST10,not,ST
  , ,5765944,BOGR_ST11_S162_T_Q_A.fastq,ST11,not,ST
  , ,7956036,BOGR_ST12_S163_T_Q_A.fastq,ST12,common,ST
  , ,8522052,BOGR_ST13_S164_T_Q_A.fastq,ST13,not,ST
  , ,5806904,BOGR_ST14_S165_T_Q_A.fastq,ST14,not,ST
  , ,8594076,BOGR_ST15_S166_T_Q_A.fastq,ST15,common,ST
  , ,8553276,BOGR_ST16_S167_T_Q_A.fastq,ST16,not,ST
 , ,10108248,BOGR_ST17_S168_T_Q_A.fastq,ST17,not,ST
 , ,10486436,BOGR_W01_S52_T_Q_A.fastq,W01,not,W
 , ,11598932,BOGR_W02_S53_T_Q_A.fastq,W02,not,W
 , ,21604132,BOGR_W03_S54_T_Q_A.fastq,W03,not,W
 , ,15241752,BOGR_W04_S55_T_Q_A.fastq,W04,not,W
  , ,4423076,BOGR_W05_S56_T_Q_A.fastq,W05,not,W
  , ,5245476,BOGR_W06_S57_T_Q_A.fastq,W06,not,W
  , ,5073108,BOGR_W07_S58_T_Q_A.fastq,W07,common,W
  , ,3387008,BOGR_W08_S59_T_Q_A.fastq,W08,common,W
  , ,3407928,BOGR_W09_S60_T_Q_A.fastq,W09,common,W
  , ,3790444,BOGR_W10_S61_T_Q_A.fastq,W10,common,W
  , ,3262252,BOGR_W11_S62_T_Q_A.fastq,W11,common,W
 , ,11419944,BOGR_W12_S63_T_Q_A.fastq,W12,not,W
  , ,3970892,BOGR_W13_S64_T_Q_A.fastq,W13,not,W
  , ,3923184,BOGR_W14_S65_T_Q_A.fastq,W14,common,W
  , ,4532808,BOGR_W15_S66_T_Q_A.fastq,W15,common,W
  , ,4403200,BOGR_W16_S67_T_Q_A.fastq,W16,not,W
 , ,15123068,BOGR_WR01_S1_T_Q_A.fastq,WR01,not,WR
 , ,19710784,BOGR_WR02_S2_T_Q_A.fastq,WR02,not,WR
 , ,16546192,BOGR_WR03_S3_T_Q_A.fastq,WR03,common,WR
 , ,20821368,BOGR_WR04_S4_T_Q_A.fastq,WR04,common,WR
 , ,17128724,BOGR_WR05_S5_T_Q_A.fastq,WR05,not,WR
 , ,10586848,BOGR_WR06_S6_T_Q_A.fastq,WR06,common,WR
  , ,7395596,BOGR_WR07_S7_T_Q_A.fastq,WR07,common,WR
 , ,11739692,BOGR_WR08_S8_T_Q_A.fastq,WR08,common,WR
  , ,9722756,BOGR_WR09_S9_T_Q_A.fastq,WR09,not,WR
 , ,18419484,BOGR_WR10_S10_T_Q_A.fastq,WR10,common,WR
 , ,21364732,BOGR_WR11_S11_T_Q_A.fastq,WR11,not,WR
  , ,8400396,BOGR_WR12_S12_T_Q_A.fastq,WR12,not,WR
  , ,3732484,BOGR_WR13_S13_T_Q_A.fastq,WR13,common,WR
  , ,6114344,BOGR_WR14_S14_T_Q_A.fastq,WR14,common,WR
  , ,5513296,BOGR_WR15_S15_T_Q_A.fastq,WR15,not,WR
  , ,6561012,BOGR_WR16_S16_T_Q_A.fastq,WR16,common,WR
 , ,17637208,BOGR_WR17_S17_T_Q_A.fastq,WR17,not,WR