pot,region,pop,trt,geno,lab,alt_lab1,alt_lab2,group,vwc_adj,biomass_belowground,biomass_rhizome,biomass_aboveground,flwr_mass_lifetime,flwr_count_1.2,flwr_avg_ind_len,flwr_avg_ind_mass,max_height,avg_predawn_mpa_expt,avg_midday_mpa_expt,
1,Boulder,A,ND,1,A01,A1ND,NDA1,2,28.8375,0.71,0.95,1.52,0.2027,12,2.95833,11.93571,54.61,-2.6,-1.8,0
2,Boulder,A,ND,2,A02,A2ND,NDA2,2,30.29,1.04,0.96,2.04,0.1053,0,NA,NA,76.6,-2.5,-2.4,2
3,Boulder,A,ND,3,A03,A3ND,NDA3,2,32.95,no pot,no pot,no pot,NA,0,NA,NA,8.5,NA,NA,5
4,Boulder,A,ND,4,A04,A4ND,NDA4,2,29.72,1.03,0.64,2.24,0.1684,6,2.28333,6.1125,61.3,-5.45,-5.85,0
5,Boulder,A,ND,5,A05,A5ND,NDA5,2,29.13,1.07,0.7,2.73,0.0987,4,1.45,1.4,64,NA,NA,2
6,Boulder,A,ND,6,A06,A6ND,NDA6,2,28.35,1.7,1.47,3.35,0.3391,18,3.2,18.885,71.8,NA,NA,2
7,Boulder,A,ND,7,A07,A7ND,NDA7,2,30.01666667,0.9,0.9,2.36,0.2204,4,2.8,14.84,69.4,-2.5,-2.55,0
8,Boulder,A,ND,8,A08,A8ND,NDA8,2,30.4,no pot,no pot,no pot,NA,0,NA,NA,9.3,NA,NA,5
9,Boulder,A,ND,9,A09,A9ND,NDA9,2,29.46,0.22,0.59,0.75,0.0634,0,NA,NA,70.8,NA,NA,4
10,Boulder,A,ND,10,A10,A10ND,NDA10,2,30.42,0.62,0.7,1.31,0.1849,2,2.55,4.55,63,-1.3,-2.05,0
11,Boulder,A,ND,11,A11,A11ND,NDA11,2,27.1,no pot,no pot,no pot,NA,0,NA,NA,12.6,NA,NA,5
12,Boulder,A,ND,12,A12,A12ND,NDA12,2,30.73,0.57,0.82,1.72,0.1227,2,2.55,8.7,52.6,-0.6,-2.05,0
13,Boulder,A,ND,13,A13,A13ND,NDA13,2,29.85,0.58,1.02,1.64,0.0844,1,4.6,13.75,78.5,-2.3,-2.4,0
14,Boulder,A,ND,14,A14,A14ND,NDA14,2,33,no pot,no pot,no pot,NA,0,NA,NA,6.2,NA,NA,5
15,Boulder,A,ND,15,A15,A15ND,NDA15,2,31.1,1.09,1.29,2.36,0.0722,8,2.7375,7.24,58.6,-1.8,-2.3,0
16,Boulder,A,ND,16,A16,A16ND,NDA16,2,31.23333333,1.21,1.65,2.32,0.1188,8,3.325,7.88,59.1,-2.4,-3.05,0
17,Boulder,A,ND,17,A17,A17ND,NDA17,2,31.28333333,0.35,0.95,1.16,0.1407,1,3.5,2.85,63,NA,NA,2
18,Boulder,A,D,1,A01,A1D,DA1,1,9.785714286,0.04,0.41,0.38,0,0,NA,NA,43.6,NA,NA,4
19,Boulder,A,D,2,A02,A2D,DA2,1,11.01428571,0.13,0.72,0.66,0,0,NA,NA,45.4,-0.3,-2.3,2
20,Boulder,A,D,3,A03,A3D,DA3,1,11.8,no pot,no pot,no pot,NA,0,NA,NA,5.9,NA,NA,5
21,Boulder,A,D,4,A04,A4D,DA4,1,8.494444444,0.55,0.59,2.17,0.2018,7,2.47143,10.65714,48.8,-2.3,-4.45,0
22,Boulder,A,D,5,A05,A5D,DA5,1,12.55,no pot,no pot,no pot,NA,0,NA,NA,6.5,NA,NA,5
23,Boulder,A,D,6,A06,A6D,DA6,1,8.575,tr,tr,tr,0.086,5,2.96,17.6,65.6,NA,NA,2
24,Boulder,A,D,7,A07,A7D,DA7,1,8.583333333,0.48,1.04,2.44,0.2483,6,3.25,9.8125,59.9,-6.5,-5.35,0
25,Boulder,A,D,8,A08,A8D,DA8,1,9.95,tr,tr,tr,0.0198,2,2,4.13333,51.6,NA,NA,2
26,Boulder,A,D,9,A09,A9D,DA9,1,10.45,no pot,no pot,no pot,NA,0,NA,NA,6.5,NA,NA,5
27,Boulder,A,D,10,A10,A10D,DA10,1,9.521428571,0.12,0.25,0.3,0.0725,0,NA,NA,46.9,-1.3,-2.25,2
28,Boulder,A,D,11,A11,A11D,DA11,1,10.6,no pot,no pot,no pot,NA,0,NA,NA,6.4,NA,NA,5
29,Boulder,A,D,12,A12,A12D,DA12,1,9.327777778,0.34,0.58,1.29,0.1478,2,3.4,10.93333,48.5,-1.55,-2.1,0
30,Boulder,A,D,13,A13,A13D,DA13,1,8.235,tr,tr,tr,0.0373,4,2.55,7.06667,50.5,NA,NA,2
31,Boulder,A,D,14,A14,A14D,DA14,1,10.5,no pot,no pot,no pot,NA,0,NA,NA,8.3,NA,NA,5
32,Boulder,A,D,15,A15,A15D,DA15,1,8.21,tr,tr,tr,0.0808,8,2.4375,8.46,53.1,NA,NA,2
33,Boulder,A,D,16,A16,A16D,DA16,1,10.75,no pot,no pot,no pot,NA,0,NA,NA,7.6,NA,NA,5
34,Boulder,A,D,17,A17,A17D,DA17,1,8.9,no pot,no pot,no pot,NA,0,NA,NA,8.1,NA,NA,5
35,Boulder,K,ND,1,K01,K1ND,NDK1,16,29.3125,1.84,2.01,3.58,0.3159,27,3.04074,11.78621,50.2,-6.5,-6.5,0
36,Boulder,K,ND,2,K02,K2ND,NDK2,16,30.5,1.27,2.02,3.21,0.3528,15,3.33333,12.6875,53.3,-2.4,-3.3,0
37,Boulder,K,ND,3,K03,K3ND,NDK3,16,29.825,1.74,1.68,3.83,0.1791,18,2.44444,7.515,60.5,-4.35,-7,0
38,Boulder,K,ND,4,K04,K4ND,NDK4,16,30.8125,0.47,1.8,1.14,0.0405,2,3.5,13.8,56.9,-0.55,-1.8,0
39,Boulder,K,ND,5,K05,K5ND,NDK5,16,31.15,0.95,2.1,2.1,0.285,11,2.76364,12.39231,54.9,-0.5,-1.45,0
40,Boulder,K,ND,6,K06,K6ND,NDK6,16,29.6,1.54,2.08,3.11,0.1471,11,3.70909,11.33333,55.8,NA,NA,2
41,Boulder,K,ND,7,K07,K7ND,NDK7,16,30.93,1.19,1.72,2.74,0.385,6,3.41667,11.38571,71.9,NA,NA,2
42,Boulder,K,ND,8,K08,K8ND,NDK8,16,30.16666667,1.14,1.85,2.48,0.4744,6,3.34286,11.12222,59.8,-3.55,-3.05,0
43,Boulder,K,ND,9,K09,K9ND,NDK9,16,28.73333333,2.17,2.92,5.24,0.5516,34,3.16857,15.49189,66.8,NA,NA,2
44,Boulder,K,ND,10,K10,K10ND,NDK10,16,28.7875,1.6,1.76,3.02,0.2583,18,2.72778,10.965,60.9,NA,NA,2
45,Boulder,K,ND,11,K11,K11ND,NDK11,16,30.6,1.05,1.93,4.2,0.3211,9,3.56667,30.28,63.7,NA,NA,2
46,Boulder,K,ND,12,K12,K12ND,NDK12,16,30.825,1.33,1.75,2.68,0.088,9,3.08889,7.41818,55,-1.7,-2,0
47,Boulder,K,ND,13,K13,K13ND,NDK13,16,28.53333333,0.76,1.32,1.66,0.1558,14,2.2,10.40625,44.45,NA,NA,2
48,Boulder,K,ND,14,K14,K14ND,NDK14,16,29.88,1.06,1.48,2.12,0.0546,4,2.625,13.86,60.9,NA,NA,2
49,Boulder,K,ND,15,K15,K15ND,NDK15,16,27.525,1.66,2.69,3.77,0.082,11,3,11.13846,65.9,NA,NA,2
50,Boulder,K,ND,16,K16,K16ND,NDK16,16,29.08333333,1.14,2.5,4.39,0.1285,13,3.20769,9.15333,86.9,NA,NA,2
51,Boulder,K,ND,17,K17,K17ND,NDK17,16,29.1,1.95,1.97,4.29,0.2875,18,2.67222,18.27,83,NA,NA,2
52,Boulder,K,D,1,K01,K1D,DK1,15,7.94375,1.23,1.97,2.22,0.0538,7,3.81429,6,48.2,-6,-6.5,0
53,Boulder,K,D,2,K02,K2D,DK2,15,8.835714286,0.72,1.17,2.04,0.1427,11,3.23636,10.19231,52.1,-3,-6.5,0
54,Boulder,K,D,3,K03,K3D,DK3,15,10.9375,0.75,0.95,3.32,0.0895,7,2.58571,5.4125,56,-2.55,-2.55,0
55,Boulder,K,D,4,K04,K4D,DK4,15,8.385714286,0.74,1.52,2.8,0.1885,14,2.63571,9.16875,53.4,-2.55,-3.55,0
56,Boulder,K,D,5,K05,K5D,DK5,15,8.592857143,0.66,1.65,2.29,0.1869,15,2.93333,11.4375,50.1,-2.4,-2.25,0
57,Boulder,K,D,6,K06,K6D,DK6,15,8.757142857,tr,tr,tr,0.1424,9,3.77778,14.66,70.485,NA,NA,2
58,Boulder,K,D,7,K07,K7D,DK7,15,12.1,0.68,1.4,2.92,0.5622,4,3.875,13.82,80.4,NA,NA,2
59,Boulder,K,D,8,K08,K8D,DK8,15,7.98,1.02,2.11,2.88,0.3398,13,3.51538,15.36,58.4,-6.5,-4.75,0
60,Boulder,K,D,9,K09,K9D,DK9,15,6.866666667,1.02,2.73,3.34,0.2732,15,3.17143,18.50667,55,NA,NA,2
61,Boulder,K,D,10,K10,K10D,DK10,15,7.55625,0.79,1.3,2.22,0.1269,3,2.3,9.7,40.64,NA,NA,2
62,Boulder,K,D,11,K11,K11D,DK11,15,10.3,0.28,0.63,1.8,0.4045,2,4.5,13.76667,69.9,NA,NA,2
63,Boulder,K,D,12,K12,K12D,DK12,15,7.2,1.37,1.95,3.47,0.16,14,3.37857,9.21875,53.4,-3.75,-4,0
64,Boulder,K,D,13,K13,K13D,DK13,15,8.058333333,tr,tr,tr,0.1083,12,2.2,7.31538,45.4,NA,NA,2
65,Boulder,K,D,14,K14,K14D,DK14,15,8.191666667,tr,tr,tr,0.0394,4,2.825,7.26,47.4,NA,NA,2
66,Boulder,K,D,15,K15,K15D,DK15,15,6.95,1.18,1.85,3.24,0.1768,15,3.76,12.70588,47.3,NA,NA,2
67,Boulder,K,D,16,K16,K16D,DK16,15,9.3,tr,tr,tr,0.0404,6,2.96667,5.1,73.5,NA,NA,2
68,Boulder,K,D,17,K17,K17D,DK17,15,6.94,0.93,1.9,4.38,0.5401,19,2.9,15.81818,70.1,NA,NA,2
69,Boulder,W,ND,1,W01,W1ND,NDW1,28,26.125,2.62,2.49,4.54,0.3112,11,4.4,31.89231,73,-6.5,-2.95,0
70,Boulder,W,ND,2,W02,W2ND,NDW2,28,28.2875,0.54,1.24,1.92,0.1556,2,3.35,7.16667,53.3,NA,NA,2
71,Boulder,W,ND,3,W03,W3ND,NDW3,28,27.38,1.61,1.75,4.01,0.2466,11,4.26364,23.87692,79.5,-5,-5.1,0
72,Boulder,W,ND,4,W04,W4ND,NDW4,28,28.54,2.07,1.95,4.57,0.3003,17,3.10588,17.76842,84.6,NA,NA,2
73,Boulder,W,ND,5,W05,W5ND,NDW5,28,NA,no pot,no pot,no pot,NA,NA,NA,NA,9.3,NA,NA,7
74,Boulder,W,ND,6,W06,W6ND,NDW6,28,27.21,1.78,2.22,4.68,0.1117,8,3.05,11.61,66.4,-3.55,-7,0
75,Boulder,W,ND,7,W07,W7ND,NDW7,28,28.15,0.98,1.79,3.72,0.4178,12,2.83333,17.38571,65.5,NA,NA,2
76,Boulder,W,ND,8,W08,W8ND,NDW8,28,27.8,2.02,1.64,4.68,0.157,5,3.68,26.53333,63.9,NA,NA,2
77,Boulder,W,ND,9,W09,W9ND,NDW9,28,28.425,1.38,1.66,4.11,0.2221,6,3.8,10.94286,79,-6.1,-6.1,0
78,Boulder,W,ND,10,W10,W10ND,NDW10,28,26.4,2.04,2.98,4.17,0.2194,12,3.84167,26.70714,73.3,-4,-5.05,0
79,Boulder,W,ND,11,W11,W11ND,NDW11,28,NA,no pot,no pot,no pot,NA,NA,NA,NA,7.4,NA,NA,7
80,Boulder,W,ND,12,W12,W12ND,NDW12,28,28.29,1.4,1.67,3.65,0.1246,9,3.15556,17.94545,74.7,-1.9,-2.9,0
81,Boulder,W,ND,13,W13,W13ND,NDW13,28,28.3375,0.55,0.89,2.1,0.0578,0,NA,NA,70.5,NA,NA,4
82,Boulder,W,ND,14,W14,W14ND,NDW14,28,27.875,2.01,3.05,4.68,0.4219,20,3.85263,26.35714,73.8,-4.95,-3.7,0
83,Boulder,W,ND,15,W15,W15ND,NDW15,28,28.6125,1.21,1.95,4.49,0.1696,11,2.92727,10.90769,67.5,NA,NA,2
84,Boulder,W,ND,16,W16,W16ND,NDW16,28,29.3,0.2,0.65,0.85,0.0836,0,NA,NA,65.1,NA,NA,4
85,Boulder,W,ND,17,W17,W17ND,NDW17,28,NA,no pot,no pot,no pot,NA,0,NA,NA,NA,NA,NA,7
86,Boulder,W,D,1,W01,W1D,DW1,27,11.69375,0.27,0.68,1.26,0.0393,0,NA,NA,53,-0.5,-1.6,2
87,Boulder,W,D,2,W02,W2D,DW2,27,7.95,no pot,no pot,no pot,NA,0,NA,NA,6.6,NA,NA,5
88,Boulder,W,D,3,W03,W3D,DW3,27,7.88125,1.28,3.04,4.05,0.1934,12,3.76667,18.45,52.3,-4.5,-4.5,0
89,Boulder,W,D,4,W04,W4D,DW4,27,10.55625,0.84,0.99,2.56,0.0399,2,3.2,9.83333,56.5,NA,NA,2
90,Boulder,W,D,5,W05,W5D,DW5,27,8.4125,0.23,tr,tr,0.3272,17,3.21765,21.32632,57.6,NA,NA,2
91,Boulder,W,D,6,W06,W6D,DW6,27,10.35,0.23,1.9,2.21,0.185,1,3.4,22.6,57.7,-1.5,-1.7,0
92,Boulder,W,D,7,W07,W7D,DW7,27,8.735714286,0.75,2.06,3.17,0.2349,7,3.31429,29.4875,57.2,NA,NA,2
93,Boulder,W,D,8,W08,W8D,DW8,27,10.95,no pot,no pot,no pot,NA,0,NA,NA,6,NA,NA,5
94,Boulder,W,D,9,W09,W9D,DW9,27,11.0625,0.64,1.26,2.26,0.1659,0,NA,NA,73.4,-3.4,-2.15,2
95,Boulder,W,D,10,W10,W10D,DW10,27,8.541666667,0.8,1.61,2.74,0.1038,7,4.02857,18.14444,54,-6.5,-5.7,0
96,Boulder,W,D,11,W11,W11D,DW11,27,7.46875,tr,tr,tr,0.3161,13,4.14615,30.59333,50.8,NA,NA,2
97,Boulder,W,D,12,W12,W12D,DW12,27,8.6,1.15,1.77,3.69,0.2193,6,3.25,35.58571,68,-6.5,-7,0
98,Boulder,W,D,13,W13,W13D,DW13,27,7.621428571,tr,tr,tr,0.241,12,3.45,26.21538,73.66,NA,NA,2
99,Boulder,W,D,14,W14,W14D,DW14,27,13.02,0.21,1,1.45,0.0771,0,NA,NA,57.1,-0.35,-1.4,2
100,Boulder,W,D,15,W15,W15D,DW15,27,6.778571429,tr,tr,tr,0.317,27,2.91111,14.18621,69,NA,NA,2
101,Boulder,W,D,16,W16,W16D,DW16,27,NA,no pot,no pot,no pot,NA,NA,NA,NA,6.2,NA,NA,7
102,Boulder,W,D,17,W17,W17D,DW17,27,NA,no pot,no pot,no pot,NA,NA,NA,NA,NA,NA,NA,8
103,Boulder,BT,ND,1,BT01,BT1ND,NDBT1,6,27.12,2.22,2.18,4.25,0.2693,12,3.6,19.71538,58.3,-2.85,-3,0
104,Boulder,BT,ND,2,BT02,BT2ND,NDBT2,6,26.88,1.88,1.78,4.57,0.4895,17,3.5,25.77368,63,NA,NA,2
105,Boulder,BT,ND,3,BT03,BT3ND,NDBT3,6,29.01666667,2.51,1.75,6.44,0.2161,8,3.5625,22.72,61.4,NA,NA,2
106,Boulder,BT,ND,4,BT04,BT4ND,NDBT4,6,26.94,2.36,1.94,5.59,0.2498,12,3.54167,25.77692,58,NA,NA,2
107,Boulder,BT,ND,5,BT05,BT5ND,NDBT5,6,28.1,0.96,1.96,4.05,0.2525,15,3.8,14.54118,65.2,-3.1,-3,0
108,Boulder,BT,ND,6,BT06,BT6ND,NDBT6,6,28.57,1.11,1.31,3.17,0.049,1,4.6,18.65,75.6,-4.2,-4.55,0
109,Boulder,BT,ND,7,BT07,BT7ND,NDBT7,6,28.32,1.16,1.26,2.7,0.2038,8,3.275,11.4,60.1,-2.05,-2.1,0
110,Boulder,BT,ND,8,BT08,BT8ND,NDBT8,6,27.5,1.92,2.02,5.57,0.2814,11,3.15455,18.825,71.6,NA,NA,2
111,Boulder,BT,ND,9,BT09,BT9ND,NDBT9,6,29.03333333,1.13,1.16,3.74,0.2526,6,3.8,13.3875,63.5,NA,NA,2
112,Boulder,BT,ND,10,BT10,BT10ND,NDBT10,6,29.71666667,0.66,0.71,0.96,0,0,NA,NA,49,-0.65,-1.65,2
113,Boulder,BT,ND,11,BT11,BT11ND,NDBT11,6,28.1875,0.95,0.93,2.29,0.098,2,2.6,7.93333,59.1,NA,NA,2
114,Boulder,BT,ND,12,BT12,BT12ND,NDBT12,6,29.2,no pot,no pot,no pot,NA,0,NA,NA,7.6,NA,NA,5
115,Boulder,BT,ND,13,BT13,BT13ND,NDBT13,6,28.95,1.63,2.24,3.84,0.1775,15,2.94667,11.76471,56.515,-1.85,-2.2,0
116,Boulder,BT,ND,14,BT14,BT14ND,NDBT14,6,27.5,0.8,0.78,2.14,0,0,NA,NA,46.9,-0.95,-1.95,2
117,Boulder,BT,ND,15,BT15,BT15ND,NDBT15,6,28.9375,1.7,2.09,4.45,0.2392,15,3.00667,19.57647,68.4,NA,NA,2
118,Boulder,BT,ND,16,BT16,BT16ND,NDBT16,6,28.075,1.32,1.78,3.77,0.1864,9,2.83333,21.87,62.9,NA,NA,2
119,Boulder,BT,ND,17,BT17,BT17ND,NDBT17,6,27.98333333,2.01,2.12,3.87,0.2521,14,3.34286,17.32,70.3,NA,NA,2
120,Boulder,BT,D,1,BT01,BT1D,DBT1,5,8.788888889,0.67,1.54,2.79,0.2191,4,3.225,17.54,43.8,-3.45,-3.45,0
121,Boulder,BT,D,2,BT02,BT2D,DBT2,5,7.775,tr,tr,tr,0.206,6,3.86667,12.4875,53.34,NA,NA,2
122,Boulder,BT,D,3,BT03,BT3D,DBT3,5,7.2875,0.99,1.57,3.94,0.2264,10,3.42,21.41667,57.785,NA,NA,2
123,Boulder,BT,D,4,BT04,BT4D,DBT4,5,8.50625,tr,tr,tr,0.106,8,2.425,10.68,41.2,NA,NA,2
124,Boulder,BT,D,5,BT05,BT5D,DBT5,5,10.55625,0.37,0.6,1.96,0.0952,2,3.2,20.43333,42.7,-2.1,-2.75,0
125,Boulder,BT,D,6,BT06,BT6D,DBT6,5,6.891666667,1.15,1.45,4.07,0.1394,10,3.15,16.7,67.8,-3.85,-6.5,0
126,Boulder,BT,D,7,BT07,BT7D,DBT7,5,7.7625,1.12,1.2,3.65,0.0481,2,2.8,8.4,57.9,-5.45,-6.05,0
127,Boulder,BT,D,8,BT08,BT8D,DBT8,5,6.608333333,1.07,1.48,4.2,0.1734,12,3.18333,11.53077,62,NA,NA,2
128,Boulder,BT,D,9,BT09,BT9D,DBT9,5,8.114285714,0.75,1.86,3.66,0.2613,10,3.32,12.15,59.2,NA,NA,2
129,Boulder,BT,D,10,BT10,BT10D,DBT10,5,11.56,0.69,1.1,1.87,0.0256,3,2.46667,5.825,51.435,-2.65,-2.8,0
130,Boulder,BT,D,11,BT11,BT11D,DBT11,5,14.2,no pot,no pot,no pot,NA,0,NA,NA,7.5,NA,NA,5
131,Boulder,BT,D,12,BT12,BT12D,DBT12,5,11.45,no pot,no pot,no pot,NA,0,NA,NA,4.7,NA,NA,5
132,Boulder,BT,D,13,BT13,BT13D,DBT13,5,8.307142857,0.97,1.88,3.48,0.1991,14,2.48571,11.1375,59.6,-3.75,-7,0
133,Boulder,BT,D,14,BT14,BT14D,DBT14,5,12.16666667,0.4,0.33,1.48,0.05,0,NA,NA,50.1,-2.5,-6.5,2
134,Boulder,BT,D,15,BT15,BT15D,DBT15,5,8.442857143,tr,tr,tr,0.1148,9,3.14444,10.07273,71.755,NA,NA,2
135,Boulder,BT,D,16,BT16,BT16D,DBT16,5,11.3,tr,tr,tr,0.1132,2,2.7,9.86667,64,NA,NA,2
136,Boulder,BT,D,17,BT17,BT17D,DBT17,5,8.1,1.16,1.73,3.18,0.1668,9,3.21111,11.90909,56.7,NA,NA,2
137,Boulder,DM,ND,1,DM01,DM1ND,NDDM1,12,28.11,0.6,0.98,2.13,0.3007,8,2.4875,13.22222,48.5,-0.8,-1.5,0
138,Boulder,DM,ND,2,DM02,DM2ND,NDDM2,12,27.88,1.65,2,3.49,0.0305,0,NA,NA,56.1,NA,NA,4
139,Boulder,DM,ND,3,DM03,DM3ND,NDDM3,12,28.27,0.06,0.36,0.08,0.0247,1,1.4,2.1,21.6,NA,NA,2
140,Boulder,DM,ND,4,DM04,DM4ND,NDDM4,12,30.075,1.07,1.27,2.47,0.2746,8,3.2625,25.12,65.7,-0.3,-1.75,0
141,Boulder,DM,ND,5,DM05,DM5ND,NDDM5,12,27.4875,1.28,1.97,2.66,0.0992,8,3.075,10.81111,62.6,-2.6,-1.65,0
142,Boulder,DM,ND,6,DM06,DM6ND,NDDM6,12,27.38,1.03,1.89,2.98,0.0408,2,3.35,13.53333,42.1,NA,NA,2
143,Boulder,DM,ND,7,DM07,DM7ND,NDDM7,12,27.4125,1.17,2.01,4.38,0.1783,7,3.8,11.75,66.04,NA,NA,2
144,Boulder,DM,ND,8,DM08,DM8ND,NDDM8,12,28,1.28,1.49,2.7,0.2241,5,3.88,21.05,75.7,NA,NA,2
145,Boulder,DM,ND,9,DM09,DM9ND,NDDM9,12,25.86666667,1.91,1.84,2.85,0.0075,0,NA,NA,60.96,NA,NA,4
146,Boulder,DM,ND,10,DM10,DM10ND,NDDM10,12,27.25,1.76,2.07,3.52,0.0068,1,4,3.4,59.8,-2.3,-2.3,0
147,Boulder,DM,ND,11,DM11,DM11ND,NDDM11,12,27.55,1.02,1.84,3.15,0.2442,12,2.88333,16.13571,54.2,NA,NA,2
148,Boulder,DM,ND,12,DM12,DM12ND,NDDM12,12,27.675,0.76,0.7,2.53,0.1052,0,NA,NA,62.5,-0.25,-1.35,2
149,Boulder,DM,ND,13,DM13,DM13ND,NDDM13,12,27,1.15,0.95,1.92,0.2518,4,3.65,21.24,61.4,NA,NA,2
150,Boulder,DM,ND,14,DM14,DM14ND,NDDM14,12,27.66666667,0.69,0.88,1.67,0.1467,0,NA,NA,58.5,NA,NA,4
151,Boulder,DM,ND,15,DM15,DM15ND,NDDM15,12,27.38333333,2.11,1.99,2.75,0.059,5,3.5,9.03333,58.42,NA,NA,2
152,Boulder,DM,ND,16,DM16,DM16ND,NDDM16,12,26.66666667,1.08,0.88,2.6,0.2485,5,3.18,15.98571,57.785,-0.5,-1.2,0
153,Boulder,DM,ND,17,DM17,DM17ND,NDDM17,12,25.98333333,1.64,1.38,3.69,0.1441,7,3.41429,24.9875,71.9,-0.55,-1.9,0
154,Boulder,DM,D,1,DM01,DM1D,DDM1,11,10.63333333,0.13,0.34,1.36,0.2462,2,2.7,15.8,50.4,-0.35,-1.75,0
155,Boulder,DM,D,2,DM02,DM2D,DDM2,11,7.433333333,tr,tr,tr,0.2716,13,3.37692,24.75333,50.8,NA,NA,2
156,Boulder,DM,D,3,DM03,DM3D,DDM3,11,13.25,NA,NA,NA,NA,0,NA,NA,20.955,NA,NA,8
157,Boulder,DM,D,4,DM04,DM4D,DDM4,11,7.8125,0.77,1.26,3.62,0.3835,12,3.425,26.17143,63.5,-2.6,-2.75,0
158,Boulder,DM,D,5,DM05,DM5D,DDM5,11,9.335714286,0.78,1.28,2.46,0.0334,3,2.8,5,52,-4.5,-4.5,0
159,Boulder,DM,D,6,DM06,DM6D,DDM6,11,11.31428571,no pot,no pot,no pot,NA,0,NA,NA,11.3,NA,NA,5
160,Boulder,DM,D,7,DM07,DM7D,DDM7,11,7.7,1.15,1.98,3.67,0.1272,9,3.3,11.87,63.4,NA,NA,2
161,Boulder,DM,D,8,DM08,DM8D,DDM8,11,7.71875,0.72,1.42,3.75,0.4449,8,3.975,17.44444,83,NA,NA,2
162,Boulder,DM,D,9,DM09,DM9D,DDM9,11,8.966666667,0.68,1.07,2.88,0.0547,0,NA,NA,52.7,NA,NA,4
163,Boulder,DM,D,10,DM10,DM10D,DDM10,11,7.175,0.95,1.27,2.5,0.1282,10,3.03636,10.47692,49.5,-3.1,-2.8,0
164,Boulder,DM,D,11,DM11,DM11D,DDM11,11,8.5125,tr,tr,tr,0.1247,8,3.0625,13.33,49.53,NA,NA,2
165,Boulder,DM,D,12,DM12,DM12D,DDM12,11,8.216666667,0.53,1,2.42,0.1671,0,NA,NA,56.7,-1.4,-2.4,2
166,Boulder,DM,D,13,DM13,DM13D,DDM13,11,7.735714286,tr,tr,tr,0.2311,8,3.475,17.81111,55.245,NA,NA,2
167,Boulder,DM,D,14,DM14,DM14D,DDM14,11,7.35,tr,tr,tr,0.1876,17,2.67059,13.45,55.88,NA,NA,2
168,Boulder,DM,D,15,DM15,DM15D,DDM15,11,7.3,1.4,1.74,3.3,0.0148,1,4.4,7.4,55.9,NA,NA,2
169,Boulder,DM,D,16,DM16,DM16D,DDM16,11,7.966666667,0.61,1.23,3.05,0.3403,7,2.97143,14.85556,59.8,-2.7,-1.75,0
170,Boulder,DM,D,17,DM17,DM17D,DDM17,11,8.3,0.78,1.57,2.4,0.274,8,3,24.27778,58,-4.3,-5,0
171,Boulder,HV,ND,1,HV01,HV1ND,NDHV1,14,27.975,1.63,2.27,4.71,0.2526,18,4.31111,11.28,77.5,NA,NA,2
172,Boulder,HV,ND,2,HV02,HV2ND,NDHV2,14,27.56666667,0.29,1.03,1.94,0.0322,0,NA,NA,53.8,-0.6,-6.5,2
173,Boulder,HV,ND,3,HV03,HV3ND,NDHV3,14,26.88,1.68,1.97,4.85,0.3311,15,3.78,20.85882,73.9,-3.9,-4.16,0
174,Boulder,HV,ND,4,HV04,HV4ND,NDHV4,14,25.3875,1.28,2.59,4.3,0.1236,10,3.54,9.75,65,-3.1,-3.1,0
175,Boulder,HV,ND,5,HV05,HV5ND,NDHV5,14,NA,no pot,no pot,no pot,NA,NA,NA,NA,3.5,NA,NA,7
176,Boulder,HV,ND,6,HV06,HV6ND,NDHV6,14,NA,no pot,no pot,no pot,NA,NA,NA,NA,3.6,NA,NA,7
177,Boulder,HV,ND,7,HV07,HV7ND,NDHV7,14,25.91666667,0.83,1.15,3.39,0.2297,15,2.97333,6.64118,63.5,-1.2,-1.75,0
178,Boulder,HV,ND,8,HV08,HV8ND,NDHV8,14,26.9625,0.43,0.94,2.61,0.2359,4,4.625,10.65,59.9,-1.15,-6.5,0
179,Boulder,HV,ND,9,HV09,HV9ND,NDHV9,14,25.975,NA,NA,NA,0,0,NA,NA,42.5,NA,NA,7
180,Boulder,HV,ND,10,HV10,HV10ND,NDHV10,14,26.7125,1.85,2.24,5.33,0.2659,15,3.84,15.56471,63.8,-2.75,-4.1,0
181,Boulder,HV,ND,11,HV11,HV11ND,NDHV11,14,27.26666667,0.54,1.17,3.09,0.4593,9,3.55556,12.7,53.8,-0.58,-2.2,0
182,Boulder,HV,ND,12,HV12,HV12ND,NDHV12,14,27.45,1.94,3.01,4.44,0.3373,19,3.26842,13.69,64.5,-2.98,-3.73,0
183,Boulder,HV,ND,13,HV13,HV13ND,NDHV13,14,27.35,0.67,0.87,3.21,0.1328,9,2.95556,10.00909,57.4,-2.63,-2.83,0
184,Boulder,HV,ND,14,HV14,HV14ND,NDHV14,14,25.9,1.25,2.02,6.24,0.222,18,3.49444,11.235,61,-6.5,-3.4,0
185,Boulder,HV,ND,15,HV15,HV15ND,NDHV15,14,NA,no pot,no pot,no pot,NA,NA,NA,NA,5.2,NA,NA,7
186,Boulder,HV,ND,16,HV16,HV16ND,NDHV16,14,NA,no pot,no pot,no pot,NA,NA,NA,NA,2.9,NA,NA,7
187,Boulder,HV,ND,17,HV17,HV17ND,NDHV17,14,26.475,0.66,0.96,2.81,0.0175,4,2.55,2.46,52.705,-1.2,-2.2,0
188,Boulder,HV,D,1,HV01,HV1D,DHV1,13,7.26875,tr,tr,tr,0.1547,11,3.68182,5.23333,67.7,NA,NA,2
189,Boulder,HV,D,2,HV02,HV2D,DHV2,13,7.525,tr,tr,tr,0.0018,1,3.5,0.9,55.2,-1.45,-1.45,0
190,Boulder,HV,D,3,HV03,HV3D,DHV3,13,9.585,tr,tr,tr,0.0861,6,4.1,12.1,65.8,NA,NA,2
191,Boulder,HV,D,4,HV04,HV4D,DHV4,13,8,0.92,1.82,4.07,0.1694,15,3.02667,11.43529,66.04,-3.9,-3.9,0
192,Boulder,HV,D,5,HV05,HV5D,DHV5,13,NA,no pot,no pot,no pot,NA,NA,NA,NA,3.4,NA,NA,7
193,Boulder,HV,D,6,HV06,HV6D,DHV6,13,10.69375,0.3,0.65,1.84,0,0,NA,NA,32,NA,NA,4
194,Boulder,HV,D,7,HV07,HV7D,DHV7,13,10.23333333,0.4,1.15,1.73,0.0982,7,3.3,10.4,55.6,-2.3,-6.5,0
195,Boulder,HV,D,8,HV08,HV8D,DHV8,13,7.5,0.95,1.54,2.34,0.2935,11,4.45455,15.86154,66,-6.5,-1.65,0
196,Boulder,HV,D,9,HV09,HV9D,DHV9,13,NA,no pot,no pot,no pot,NA,NA,NA,NA,3.6,NA,NA,7
197,Boulder,HV,D,10,HV10,HV10D,DHV10,13,11.6,0.17,0.48,1.54,0.0228,2,3,7.63333,38.8,NA,NA,2
198,Boulder,HV,D,11,HV11,HV11D,DHV11,13,12.49,NA,NA,NA,0.0115,2,2.8,3.4,19.4,NA,NA,5
199,Boulder,HV,D,12,HV12,HV12D,DHV12,13,9.066666667,tr,tr,tr,0.1362,7,3.48571,14.2125,56.5,NA,NA,2
200,Boulder,HV,D,13,HV13,HV13D,DHV13,13,8.14375,0.88,0.62,2.05,0.1903,16,3.15,9.06111,49.8,-6.5,-4.4,0
201,Boulder,HV,D,14,HV14,HV14D,DHV14,13,7.714285714,0.97,1.11,4.19,0.2856,22,3.4,11.16522,61,-6.5,-5.35,0
202,Boulder,HV,D,15,HV15,HV15D,DHV15,13,NA,no pot,no pot,no pot,NA,NA,NA,NA,3.5,NA,NA,7
203,Boulder,HV,D,16,HV16,HV16D,DHV16,13,8.307142857,0.67,0.67,3.63,0.3089,20,3.06667,16.26522,55,NA,NA,2
204,Boulder,HV,D,17,HV17,HV17D,DHV17,13,7.3375,1.08,1.2,3.19,0.2539,16,3.49375,11.18889,55.88,-6.5,-6.5,0
205,Boulder,ST,ND,1,ST01,ST1ND,NDST1,26,26.05,0.63,1.33,3.19,0.2888,12,3.24167,10.92857,63.9,-2,-2.48,0
206,Boulder,ST,ND,2,ST02,ST2ND,NDST2,26,27.7875,0.69,1.12,1.45,0.0446,0,NA,NA,42.2,-0.7,-2.25,2
207,Boulder,ST,ND,3,ST03,ST3ND,NDST3,26,27.25,0.93,1.61,2.26,0.1982,7,2.8875,13.07778,49.5,-5.3,-5.4,0
208,Boulder,ST,ND,4,ST04,ST4ND,NDST4,26,28.9125,0.16,1.06,1,0.1431,0,NA,NA,31.2,NA,NA,4
209,Boulder,ST,ND,5,ST05,ST5ND,NDST5,26,28.625,0.13,0.56,1.01,0.109,0,NA,NA,40.3,NA,NA,4
210,Boulder,ST,ND,6,ST06,ST6ND,NDST6,26,27.025,0.83,2.9,6.56,0.5843,18,3.43889,12.12,76.2,-6.5,-4.15,0
211,Boulder,ST,ND,7,ST07,ST7ND,NDST7,26,28.25,2.24,1.91,3.01,0.2313,15,3.24286,16,60.96,-6.5,-6.5,0
212,Boulder,ST,ND,8,ST08,ST8ND,NDST8,26,25.03,2.4,2.17,5.75,0.6424,16,4.51875,18.15556,68.4,-6.5,-6.5,0
213,Boulder,ST,ND,9,ST09,ST9ND,NDST9,26,26.75,1.44,2.08,3.94,0.6288,18,3.21667,19.66,69.85,-2.45,-2.38,0
214,Boulder,ST,ND,10,ST10,ST10ND,NDST10,26,29.0375,0.06,0.55,0.35,0,0,NA,NA,21.3,NA,NA,4
215,Boulder,ST,ND,11,ST11,ST11ND,NDST11,26,NA,no pot,no pot,no pot,NA,NA,NA,NA,4.5,NA,NA,7
216,Boulder,ST,ND,12,ST12,ST12ND,NDST12,26,NA,no pot,no pot,no pot,NA,NA,NA,NA,6.1,NA,NA,7
217,Boulder,ST,ND,13,ST13,ST13ND,NDST13,26,28.45,no pot,no pot,no pot,NA,0,NA,NA,6.5,NA,NA,5
218,Boulder,ST,ND,14,ST14,ST14ND,NDST14,26,28.775,1.9,1.79,4.49,0.175,13,3.72308,13.3,82,-3.9,-3.08,0
219,Boulder,ST,ND,15,ST15,ST15ND,NDST15,26,28.1875,1.37,1.54,3.69,0.3439,8,4.4875,21.8,73.66,-2.98,-3.4,0
220,Boulder,ST,ND,16,ST16,ST16ND,NDST16,26,27.11666667,1.37,1.92,3.49,0.2949,9,4.24444,14.26,60.9,-3.7,-4.2,0
221,Boulder,ST,ND,17,ST17,ST17ND,NDST17,26,26.05,0.21,0.58,0.4,0.0511,0,NA,NA,16.8,-0.6,-1,2
222,Boulder,ST,D,1,ST01,ST1D,DST1,25,7.5625,tr,tr,tr,0.083,9,2.7,8.21111,55.5,NA,NA,2
223,Boulder,ST,D,2,ST02,ST2D,DST2,25,13.025,0.19,0.63,0.44,0,0,NA,NA,34,-0.65,-2.25,2
224,Boulder,ST,D,3,ST03,ST3D,DST3,25,9.166666667,0.72,1.12,2.73,0.1357,6,2.36667,3.72857,34.4,-6.5,-6.5,0
225,Boulder,ST,D,4,ST04,ST4D,DST4,25,9.99375,tr,tr,tr,0.0474,0,NA,NA,56.9,NA,NA,4
226,Boulder,ST,D,5,ST05,ST5D,DST5,25,NA,no pot,no pot,no pot,NA,NA,NA,NA,3.6,NA,NA,7
227,Boulder,ST,D,6,ST06,ST6D,DST6,25,10.4,0.42,0.81,2.66,0.1867,10,3.55,13.81667,64.8,-1.5,-1.65,0
228,Boulder,ST,D,7,ST07,ST7D,DST7,25,7.4375,1.25,1.24,2.19,0.1385,12,3.28333,15.01429,57.9,-6.5,-4.3,0
229,Boulder,ST,D,8,ST08,ST8D,DST8,25,8.65625,0.69,0.59,2.66,0.1091,4,3.975,15.68,58.5,-5.85,-6,0
230,Boulder,ST,D,9,ST09,ST9D,DST9,25,NA,no pot,no pot,no pot,NA,NA,NA,NA,3.7,NA,NA,7
231,Boulder,ST,D,10,ST10,ST10D,DST10,25,NA,no pot,no pot,no pot,NA,NA,NA,NA,3.5,NA,NA,7
232,Boulder,ST,D,11,ST11,ST11D,DST11,25,7.822222222,tr,tr,tr,0.1663,13,3.26923,14.86,52.07,NA,NA,2
233,Boulder,ST,D,12,ST12,ST12D,DST12,25,8.892857143,0.5,0.72,1.82,0.1056,1,4.9,16.35,46.6,NA,NA,2
234,Boulder,ST,D,13,ST13,ST13D,DST13,25,9.05,0.39,0.97,1.57,0.1269,3,4.13333,15.575,46.99,NA,NA,2
235,Boulder,ST,D,14,ST14,ST14D,DST14,25,6.757142857,tr,tr,tr,0.3043,12,3.69167,24,71.4,NA,NA,2
236,Boulder,ST,D,15,ST15,ST15D,DST15,25,NA,no pot,no pot,no pot,NA,NA,NA,NA,6.3,NA,NA,7
237,Boulder,ST,D,16,ST16,ST16D,DST16,25,7.43,no pot,no pot,no pot,0.1918,7,3.72857,17.9375,58,-6.5,-6.5,0
238,Boulder,ST,D,17,ST17,ST17D,DST17,25,9.6,0.5,0.81,2,0.054,2,4.35,18.46667,54.61,-1.85,-2.45,0
239,Boulder,WR,ND,1,WR01,WR1ND,NDWR1,30,27.0875,1.14,0.77,3.47,0.2247,8,2.575,6.91,54.1,NA,NA,2
240,Boulder,WR,ND,2,WR02,WR2ND,NDWR2,30,26.875,0,0.5,0.66,0,0,NA,NA,28.6,NA,NA,4
241,Boulder,WR,ND,3,WR03,WR3ND,NDWR3,30,NA,no pot,no pot,no pot,NA,NA,NA,NA,3.2,NA,NA,7
242,Boulder,WR,ND,4,WR04,WR4ND,NDWR4,30,NA,no pot,no pot,no pot,NA,NA,NA,NA,7.1,NA,NA,7
243,Boulder,WR,ND,5,WR05,WR5ND,NDWR5,30,27.33333333,0.34,0.31,1.7,0.0759,0,NA,NA,53.1,NA,NA,4
244,Boulder,WR,ND,6,WR06,WR6ND,NDWR6,30,27.3875,1.37,1.37,4.72,0.2191,25,2.8,11.13929,57.15,-0.45,-1.4,0
245,Boulder,WR,ND,7,WR07,WR7ND,NDWR7,30,24.42,2.98,1.69,4.26,0.1408,11,3.61818,14.55833,62.5,-1.95,-1.95,0
246,Boulder,WR,ND,8,WR08,WR8ND,NDWR8,30,26.81666667,NA,NA,NA,NA,0,NA,NA,7.6,NA,NA,8
247,Boulder,WR,ND,9,WR09,WR9ND,NDWR9,30,25.06,2.48,2.41,7.28,0.0396,3,4.56667,12.75,66.3,NA,NA,2
248,Boulder,WR,ND,10,WR10,WR10ND,NDWR10,30,NA,no pot,no pot,no pot,NA,NA,NA,NA,3.6,NA,NA,7
249,Boulder,WR,ND,11,WR11,WR11ND,NDWR11,30,25.825,1.81,1.29,4.42,0.3118,16,2.67692,13.89375,60.1,-2.2,-3.25,0
250,Boulder,WR,ND,12,WR12,WR12ND,NDWR12,30,26.5375,1.01,1.18,4.2,0.3162,17,2.97059,15.53684,53.9,-1.95,-2,0
251,Boulder,WR,ND,13,WR13,WR13ND,NDWR13,30,25.825,0.49,0.58,1.73,0.1643,0,NA,NA,57.5,NA,NA,4
252,Boulder,WR,ND,14,WR14,WR14ND,NDWR14,30,26.54,1.1,1.28,4.46,0.3,19,3.17895,11.6381,57,-2,-2,0
253,Boulder,WR,ND,15,WR15,WR15ND,NDWR15,30,26.43333333,0.33,0.3,0.68,0.1202,0,NA,NA,31.3,NA,NA,4
254,Boulder,WR,ND,16,WR16,WR16ND,NDWR16,30,23.425,7,3.39,9.56,1.162,70,3.93043,16.04559,65.5,-6.5,-6.5,0
255,Boulder,WR,ND,17,WR17,WR17ND,NDWR17,30,26.21666667,2.28,1.77,5.28,0.285,18,3.02105,12.09524,63.4,-0.9,-2.4,0
256,Boulder,WR,D,1,WR01,WR1D,DWR1,29,7.95625,tr,tr,tr,0.1411,10,2.46,5.375,48.9,NA,NA,2
257,Boulder,WR,D,2,WR02,WR2D,DWR2,29,11.23571429,0.44,1.02,1.32,0.03,0,NA,NA,61.5,NA,NA,4
258,Boulder,WR,D,3,WR03,WR3D,DWR3,29,NA,no pot,no pot,no pot,0.0519,3,3.83333,13.975,7.2,NA,NA,3
259,Boulder,WR,D,4,WR04,WR4D,DWR4,29,7.278571429,tr,tr,tr,0.1829,22,3.20909,7.68333,52.5,NA,NA,2
260,Boulder,WR,D,5,WR05,WR5D,DWR5,29,NA,no pot,no pot,no pot,NA,NA,NA,NA,4.4,NA,NA,7
261,Boulder,WR,D,6,WR06,WR6D,DWR6,29,7.488888889,0.86,1.85,3.29,0.2834,22,3.10455,11.65,43.815,-6.5,-2.75,0
262,Boulder,WR,D,7,WR07,WR7D,DWR7,29,6.964285714,1.4,2.13,3.93,0.3164,24,3.3625,13.17308,53.975,-1.95,-3.3,0
263,Boulder,WR,D,8,WR08,WR8D,DWR8,29,8.705555556,tr,tr,tr,0.0931,4,3.875,16.02,66.675,NA,NA,2
264,Boulder,WR,D,9,WR09,WR9D,DWR9,29,6.541666667,tr,tr,tr,0.2226,18,5.02778,12.57368,45.4,NA,NA,2
265,Boulder,WR,D,10,WR10,WR10D,DWR10,29,13.11,0.38,0.43,1.28,0.1004,0,NA,NA,45.1,NA,NA,4
266,Boulder,WR,D,11,WR11,WR11D,DWR11,29,9.61875,0.64,0.64,2.65,0.261,9,2.81111,11.00909,51,-2.2,-3.75,0
267,Boulder,WR,D,12,WR12,WR12D,DWR12,29,8.21875,0.89,0.93,2.96,0.2303,13,3.36154,14.68667,50.6,-2,-2.25,0
268,Boulder,WR,D,13,WR13,WR13D,DWR13,29,12.85,no pot,no pot,no pot,NA,0,NA,NA,6.35,NA,NA,5
269,Boulder,WR,D,14,WR14,WR14D,DWR14,29,8.28,0.75,1.56,3.84,0.3709,32,2.95625,13.66667,49.9,-3.55,-3.55,0
270,Boulder,WR,D,15,WR15,WR15D,DWR15,29,NA,no pot,no pot,no pot,NA,NA,NA,NA,5.2,NA,NA,7
271,Boulder,WR,D,16,WR16,WR16D,DWR16,29,6.65,1.26,1.56,4.16,0.4333,31,3.90968,24.46875,51.6,-5.9,-5.95,0
272,Boulder,WR,D,17,WR17,WR17D,DWR17,29,9.48,0.76,1.28,3.13,0.358,10,3.55,15.28333,46.4,-2.6,-2,0
273,Boulder,RC,ND,1,RC01,RC1ND,NDRC1,18,23.4,4.95,3.55,6.9,0.6181,43,3.29535,16.37907,63.1,-3.95,-4.1,0
274,Boulder,RC,ND,2,RC02,RC2ND,NDRC2,18,28.3625,1.54,1.56,3.72,0.251,11,3.16364,21.09167,59.9,-2,-2.65,0
275,Boulder,RC,ND,3,RC03,RC3ND,NDRC3,18,26.5625,3.06,2.56,5.34,0.3868,20,3.48,19.97,57.7,-6.5,-6.5,0
276,Boulder,RC,ND,4,RC04,RC4ND,NDRC4,18,26.325,2.52,3.02,5.95,0.4095,19,3.74737,22.69524,62.4,-3.85,-4.05,0
277,Boulder,RC,ND,5,RC05,RC5ND,NDRC5,18,27.45,3.43,3.23,6.12,0.4034,30,2.34688,10.32188,62.8,-4.2,-6.5,0
278,Boulder,RC,ND,6,RC06,RC6ND,NDRC6,18,26.7375,5.14,3.26,7.3,0.4765,20,4.81,17.28095,61.9,-4.05,-4,0
279,Boulder,RC,ND,7,RC07,RC7ND,NDRC7,18,27.4125,1.51,1.46,3.55,0.2917,16,3.35625,15.35294,54.8,-2.6,-4.8,0
280,Boulder,RC,ND,8,RC08,RC8ND,NDRC8,18,27.98333333,2.23,1.51,4.18,0.1637,14,2.87143,14.33125,58.6,-4,-3.8,0
281,Boulder,RC,ND,9,RC09,RC9ND,NDRC9,18,28.43,0.06,0.17,0.37,0.0337,0,NA,NA,25.8,NA,NA,4
282,Boulder,RC,ND,10,RC10,RC10ND,NDRC10,18,NA,no pot,no pot,no pot,NA,NA,NA,NA,5.8,NA,NA,7
283,Boulder,RC,ND,11,RC11,RC11ND,NDRC11,18,27.88,1.13,1.21,3.39,0.1297,5,3.58,11.47143,53.4,-1.6,-3.2,0
284,Boulder,RC,ND,12,RC12,RC12ND,NDRC12,18,28.3125,0.59,1.21,1.9,0.3924,14,4.2,20.6625,55.245,NA,NA,2
285,Boulder,RC,ND,13,RC13,RC13ND,NDRC13,18,28.8625,1.55,1.37,4.08,0.172,16,2.91875,12.47222,49.8,NA,NA,2
286,Boulder,RC,ND,14,RC14,RC14ND,NDRC14,18,27.55,1.38,1.69,4.06,0.1967,12,3.03333,13.13571,58.42,-6,-6.1,0
287,Boulder,RC,ND,15,RC15,RC15ND,NDRC15,18,26.16666667,2.61,2.11,3.73,0.1661,2,4.55,13.16667,76,-2.08,-3.73,0
288,Boulder,RC,ND,16,RC16,RC16ND,NDRC16,18,NA,no pot,no pot,no pot,NA,NA,NA,NA,7.2,NA,NA,7
289,Boulder,RC,ND,17,RC17,RC17ND,NDRC17,18,25.625,NA,NA,NA,NA,0,NA,NA,49.8,NA,NA,8
290,Boulder,RC,D,1,RC01,RC1D,DRC1,17,6.864285714,tr,tr,tr,0.0582,8,3.2125,8.65556,38.6,-8.24,-8.8,0
291,Boulder,RC,D,2,RC02,RC2D,DRC2,17,8.288888889,0.99,0.99,1.95,0.0975,9,3.03333,11.51,49.7,-3.1,-6.5,0
292,Boulder,RC,D,3,RC03,RC3D,DRC3,17,7.17,1.15,0.96,2.17,0.1312,10,3.4,12.06667,51.6,-5.7,-6.5,0
293,Boulder,RC,D,4,RC04,RC4D,DRC4,17,7.65,tr,tr,tr,0.2752,14,3.82143,20.1875,69.215,NA,NA,2
294,Boulder,RC,D,5,RC05,RC5D,DRC5,17,8.1875,0.92,1.99,2.92,0.2861,16,2.4,14.95882,54.9,-5.3,-6.5,0
295,Boulder,RC,D,6,RC06,RC6D,DRC6,17,7.264285714,tr,tr,tr,0.1723,8,4.5875,24.32222,57.3,NA,NA,2
296,Boulder,RC,D,7,RC07,RC7D,DRC7,17,7.35625,1.02,0.99,3.03,0.4692,25,3.492,22.61154,46.6,-6.2,-6.5,0
297,Boulder,RC,D,8,RC08,RC8D,DRC8,17,10.32857143,0.63,0.77,2.06,0.1363,6,3.15,11.6875,54.3,-2.1,-2.35,0
298,Boulder,RC,D,9,RC09,RC9D,DRC9,17,NA,no pot,no pot,no pot,NA,NA,NA,NA,6.9,NA,NA,7
299,Boulder,RC,D,10,RC10,RC10D,DRC10,17,NA,no pot,no pot,no pot,NA,NA,NA,NA,7.4,NA,NA,7
300,Boulder,RC,D,11,RC11,RC11D,DRC11,17,7.85625,1.05,1.46,2.78,0.3102,14,3.4,24.25,45.7,-6.5,-6.5,0
301,Boulder,RC,D,12,RC12,RC12D,DRC12,17,7.764285714,1.31,1.67,3.18,0.1689,10,3.52,16.925,52.9,NA,NA,2
302,Boulder,RC,D,13,RC13,RC13D,DRC13,17,8.292857143,0.96,3.22,1.51,0.1167,8,3.5875,14.83,45.5,NA,NA,2
303,Boulder,RC,D,14,RC14,RC14D,DRC14,17,8.691666667,0.98,1.71,3.2,0.1059,3,3.66667,16.375,56,-6.5,-6.5,0
304,Boulder,RC,D,15,RC15,RC15D,DRC15,17,7.29,tr,tr,tr,0.1571,8,3.4,17,61.4,NA,NA,2
305,Boulder,RC,D,16,RC16,RC16D,DRC16,17,NA,no pot,no pot,no pot,NA,NA,NA,NA,3.5,NA,NA,7
306,Boulder,RC,D,17,RC17,RC17D,DRC17,17,NA,no pot,no pot,no pot,NA,NA,NA,NA,3,NA,NA,7
307,Boulder,RM,ND,1,RM01,RM1ND,NDRM1,20,27.8125,0.77,1.44,2.13,0.3628,8,2.5125,14.65,51.2,NA,NA,2
308,Boulder,RM,ND,2,RM02,RM2ND,NDRM2,20,28.15,1.53,2.13,6.13,0.3977,14,4.04286,15.625,76.3,NA,NA,2
309,Boulder,RM,ND,3,RM03,RM3ND,NDRM3,20,NA,no pot,no pot,no pot,NA,NA,NA,NA,6.5,NA,NA,7
310,Boulder,RM,ND,4,RM04,RM4ND,NDRM4,20,29.19,0.48,1.05,1.8,0.0497,0,NA,NA,75.5,NA,NA,4
311,Boulder,RM,ND,5,RM05,RM5ND,NDRM5,20,NA,no pot,no pot,no pot,NA,NA,NA,NA,4,NA,NA,7
312,Boulder,RM,ND,6,RM06,RM6ND,NDRM6,20,NA,no pot,no pot,no pot,NA,NA,NA,NA,4.9,NA,NA,7
313,Boulder,RM,ND,7,RM07,RM7ND,NDRM7,20,28.43,0.22,0.42,0.96,0.0364,0,NA,NA,50.6,-0.4,-1.3,2
314,Boulder,RM,ND,8,RM08,RM8ND,NDRM8,20,29.91,1.46,1.35,3.55,0.1975,14,2.69286,7.825,66.3,-2.3,-2.9,0
315,Boulder,RM,ND,9,RM09,RM9ND,NDRM9,20,27.87,2.08,1.89,5.73,0.3633,8,4.6625,19.82,57.15,-6,-3.2,0
316,Boulder,RM,ND,10,RM10,RM10ND,NDRM10,20,NA,no pot,no pot,no pot,NA,NA,NA,NA,5.5,NA,NA,7
317,Boulder,RM,ND,11,RM11,RM11ND,NDRM11,20,29.5875,0.05,0.28,0.42,0.1098,0,NA,NA,49,NA,NA,4
318,Boulder,RM,ND,12,RM12,RM12ND,NDRM12,20,29.75,1,2.06,3.95,0.2735,6,4.21667,16.675,73.5,NA,NA,2
319,Boulder,RM,ND,13,RM13,RM13ND,NDRM13,20,NA,no pot,no pot,no pot,NA,NA,NA,NA,4.2,NA,NA,7
320,Boulder,RM,ND,14,RM14,RM14ND,NDRM14,20,27.54166667,3,2.65,6.24,0.3423,18,2.85,11.03,68.7,-6.25,-6.25,0
321,Boulder,RM,ND,15,RM15,RM15ND,NDRM15,20,29.2375,1.34,1.89,5.11,0.2763,11,3.79091,16.03846,84.5,-3.25,-2.75,0
322,Boulder,RM,ND,16,RM16,RM16ND,NDRM16,20,29.26666667,2.4,2.53,6.1,0.4159,22,3.71364,12.11667,79.5,-3.5,-2.35,0
323,Boulder,RM,ND,17,RM17,RM17ND,NDRM17,20,26.9,1.97,2.35,5.59,0.2425,15,3.47333,13.74118,63.6,-7,-7,0
324,Boulder,RM,D,1,RM01,RM1D,DRM1,19,7.46875,tr,tr,tr,0.1881,14,3.07143,12.4125,47.625,NA,NA,2
325,Boulder,RM,D,2,RM02,RM2D,DRM2,19,8.2,no pot,no pot,no pot,NA,0,NA,NA,3.1,NA,NA,5
326,Boulder,RM,D,3,RM03,RM3D,DRM3,19,NA,no pot,no pot,no pot,NA,NA,NA,NA,3,NA,NA,7
327,Boulder,RM,D,4,RM04,RM4D,DRM4,19,8.428571429,tr,tr,tr,0.1102,12,3.425,11.30714,66.9,NA,NA,2
328,Boulder,RM,D,5,RM05,RM5D,DRM5,19,NA,no pot,no pot,no pot,NA,NA,NA,NA,3.8,NA,NA,7
329,Boulder,RM,D,6,RM06,RM6D,DRM6,19,12.17857143,0.74,1.04,2.44,0.166,2,3.2,10.23333,49.9,NA,NA,2
330,Boulder,RM,D,7,RM07,RM7D,DRM7,19,7.8625,0.9,1.89,3.38,0.151,13,3.02308,11.9,64.7,-2.25,-2.25,0
331,Boulder,RM,D,8,RM08,RM8D,DRM8,19,8.53125,1.26,1.5,2.84,0.2264,15,3.05333,11.56471,53.4,-3.8,-2.7,0
332,Boulder,RM,D,9,RM09,RM9D,DRM9,19,7.19375,1.24,1.61,2.24,0.2179,12,4.33333,16.39286,47.8,-2,-2.1,0
333,Boulder,RM,D,10,RM10,RM10D,DRM10,19,9.808333333,tr,tr,tr,0.1305,6,3.45,13.775,60.5,NA,NA,2
334,Boulder,RM,D,11,RM11,RM11D,DRM11,19,NA,no pot,no pot,no pot,NA,NA,NA,NA,5,NA,NA,7
335,Boulder,RM,D,12,RM12,RM12D,DRM12,19,NA,no pot,no pot,no pot,NA,NA,NA,NA,7.9,NA,NA,7
336,Boulder,RM,D,13,RM13,RM13D,DRM13,19,9.594444444,1.26,tr,tr,0.0536,2,4.25,13.4,49.6,NA,NA,2
337,Boulder,RM,D,14,RM14,RM14D,DRM14,19,7.588888889,1.43,2.01,2.82,0.1782,13,2.46154,13.75333,69.6,-5,-3.1,0
338,Boulder,RM,D,15,RM15,RM15D,DRM15,19,8.158333333,0.69,1.42,2.39,0.153,8,3.9125,12.74,64.5,-3.4,-2.15,0
339,Boulder,RM,D,16,RM16,RM16D,DRM16,19,7.3,1.49,1.64,2.63,0.21,11,3.26364,12.75385,55.88,-1.5,-2.7,0
340,Boulder,RM,D,17,RM17,RM17D,DRM17,19,7.74,1.1,1.57,2.39,0.2659,18,3.1,13.83684,54.61,-2.65,-2.65,0
341,N. Colorado,SGS,ND,1,SGS01,SGS1ND,NDSGS1,24,27.27,NA,NA,NA,0.301,11,2.91818,7.01667,57.5,NA,NA,5
342,N. Colorado,SGS,ND,2,SGS02,SGS2ND,NDSGS2,24,26.81,0.21,0.79,0.6,0.1434,0,NA,NA,44.4,-0.73,-1.58,2
343,N. Colorado,SGS,ND,3,SGS03,SGS3ND,NDSGS3,24,26.82,NA,NA,NA,0.3898,27,2.72222,11.43793,68,NA,NA,5
344,N. Colorado,SGS,ND,4,SGS04,SGS4ND,NDSGS4,24,27.75,0.16,0.61,0.83,0.2374,0,NA,NA,61.9,-0.6,-1.4,2
345,N. Colorado,SGS,ND,5,SGS05,SGS5ND,NDSGS5,24,26.86,2.97,3.08,5.15,0.2994,15,3.74,8.025,72.1,-2.89,-3.39,0
346,N. Colorado,SGS,ND,6,SGS06,SGS6ND,NDSGS6,24,29.21,0.69,0.85,1.23,0.1636,0,NA,NA,57,NA,NA,4
347,N. Colorado,SGS,ND,7,SGS07,SGS7ND,NDSGS7,24,24.7,3.15,3.61,7.53,0.4268,30,2.5129,10.23333,60.6,-3.25,-5.05,0
348,N. Colorado,SGS,ND,8,SGS08,SGS8ND,NDSGS8,24,25.96666667,2.62,2.53,5.33,0.4763,8,2.7125,7.1,74.2,-2.6,-3.03,0
349,N. Colorado,SGS,ND,9,SGS09,SGS9ND,NDSGS9,24,29.2,1.91,1.67,3.08,0.5093,6,2.33333,6.825,58.5,-2.9,-2.72,0
350,N. Colorado,SGS,ND,10,SGS10,SGS10ND,NDSGS10,24,27.1,2.82,3.17,5.04,0.1986,18,3.19444,10.085,54.3,-1.02,-2.33,0
351,N. Colorado,SGS,ND,11,SGS11,SGS11ND,NDSGS11,24,28.68333333,0.41,0.44,1.32,0.4074,0,NA,NA,71.9,NA,NA,4
352,N. Colorado,SGS,ND,12,SGS12,SGS12ND,NDSGS12,24,26.675,NA,NA,NA,0.4491,31,2.92581,11.94242,74.3,NA,NA,5
353,N. Colorado,SGS,ND,13,SGS13,SGS13ND,NDSGS13,24,26.68333333,1.07,1.33,2.65,0.4547,5,2.08,6.07143,53.5,NA,NA,2
354,N. Colorado,SGS,ND,14,SGS14,SGS14ND,NDSGS14,24,25.61666667,NA,NA,NA,0.3989,26,3.29615,13.66071,78.4,-1.13,-2,3
355,N. Colorado,SGS,ND,15,SGS15,SGS15ND,NDSGS15,24,NA,no pot,no pot,no pot,NA,NA,NA,NA,6.5,NA,NA,7
356,N. Colorado,SGS,ND,16,SGS16,SGS16ND,NDSGS16,24,29.61,0.46,0.95,1.72,0.3468,0,NA,NA,64.8,-0.54,-2.15,2
357,N. Colorado,SGS,ND,17,SGS17,SGS17ND,NDSGS17,24,27.7,2.89,1.76,4.68,0.4916,6,3.15,9.05,68.4,NA,NA,2
358,N. Colorado,SGS,D,1,SGS01,SGS1D,DSGS1,23,7.975,NA,NA,NA,0.3302,13,2.61538,10.86667,52.4,NA,NA,5
359,N. Colorado,SGS,D,2,SGS02,SGS2D,DSGS2,23,8.78125,1.26,1.94,4.73,1.9286,14,3.22857,14.4875,57.15,-6.23,-3.75,0
360,N. Colorado,SGS,D,3,SGS03,SGS3D,DSGS3,23,7.408333333,NA,NA,NA,0.2498,19,2.20526,10.6,67.4,NA,NA,5
361,N. Colorado,SGS,D,4,SGS04,SGS4D,DSGS4,23,8.15,1.65,1.7,4.37,1.147,14,3.9,11.525,82.55,-3.7,-2.7,0
362,N. Colorado,SGS,D,5,SGS05,SGS5D,DSGS5,23,9.008333333,0.74,0.89,4.55,0.6397,4,4.2,11.16,85.2,-1.26,-2.36,0
363,N. Colorado,SGS,D,6,SGS06,SGS6D,DSGS6,23,10.18333333,tr,tr,tr,0.0388,6,2.48333,6.5875,58.4,NA,NA,2
364,N. Colorado,SGS,D,7,SGS07,SGS7D,DSGS7,23,6.725,1.55,2.27,4.47,0.1466,15,2.47333,9.49412,55.3,-4.65,-3.55,0
365,N. Colorado,SGS,D,8,SGS08,SGS8D,DSGS8,23,9.18,1.73,2.52,4.56,0.7547,5,2.92,9.07143,61.2,-2.85,-4.53,0
366,N. Colorado,SGS,D,9,SGS09,SGS9D,DSGS9,23,9.375,1.08,1.1,3.87,0.883,4,3.3,11.92,63.5,-5.02,-3.83,0
367,N. Colorado,SGS,D,10,SGS10,SGS10D,DSGS10,23,8.477777778,1.65,1.79,4.09,0.6975,6,3.03333,6.7125,63.9,-3.65,-5,0
368,N. Colorado,SGS,D,11,SGS11,SGS11D,DSGS11,23,NA,no pot,no pot,no pot,NA,NA,NA,NA,5.1,NA,NA,7
369,N. Colorado,SGS,D,12,SGS12,SGS12D,DSGS12,23,7.991666667,NA,NA,NA,0.4633,13,2.97692,12.32667,54.3,NA,NA,5
370,N. Colorado,SGS,D,13,SGS13,SGS13D,DSGS13,23,7.566666667,tr,tr,tr,0.1913,26,3.17692,10.18571,65.6,-3.73,-4.4,0
371,N. Colorado,SGS,D,14,SGS14,SGS14D,DSGS14,23,7.533333333,NA,NA,NA,0.4944,14,3.16429,14.3625,63.2,-0.38,-0.83,3
372,N. Colorado,SGS,D,15,SGS15,SGS15D,DSGS15,23,7.6125,tr,tr,tr,0,0,NA,NA,57.2,-10,-9.5,2
373,N. Colorado,SGS,D,16,SGS16,SGS16D,DSGS16,23,8.325,1.11,1.33,4.45,1.0467,7,3.11429,14.675,66.2,-4.46,-3.3,0
374,N. Colorado,SGS,D,17,SGS17,SGS17D,DSGS17,23,7.366666667,tr,tr,tr,0.2892,20,3.29,15.09091,62.4,NA,NA,2
375,S. Colorado,CO,ND,1,CO01,CO1ND,NDCO1,10,25.1,5.2,3.16,8.38,0.8484,21,3.5,10.43913,81.4,NA,NA,2
376,S. Colorado,CO,ND,2,CO02,CO2ND,NDCO2,10,27.56,1.95,0.75,2.09,0.3181,1,2.5,13.25,62.8,-0.46,-1.98,0
377,S. Colorado,CO,ND,3,CO03,CO3ND,NDCO3,10,27.725,NA,NA,NA,NA,0,NA,NA,7.8,NA,NA,8
378,S. Colorado,CO,ND,4,CO04,CO4ND,NDCO4,10,28.3125,0.26,0.57,1.07,0.1186,0,NA,NA,57,-0.6,-1.64,2
379,S. Colorado,CO,ND,5,CO05,CO5ND,NDCO5,10,26.97,NA,NA,NA,0.6064,16,3.73125,17.34444,79.5,-2.22,-2.25,3
380,S. Colorado,CO,ND,6,CO06,CO6ND,NDCO6,10,27.62,5.23,3.48,7.6,0.4722,27,2.44444,6.34483,75.7,-2.72,-2.83,0
381,S. Colorado,CO,ND,7,CO07,CO7ND,NDCO7,10,24.51666667,4.55,2.12,7.75,0.3661,24,2.94167,10.99615,79.1,-3.68,-4.46,0
382,S. Colorado,CO,ND,8,CO08,CO8ND,NDCO8,10,25.91,2.39,1.49,3.7,0.0747,6,2.68333,10.14286,59,NA,NA,2
383,S. Colorado,CO,ND,9,CO09,CO9ND,NDCO9,10,27.98,1.6,1.19,2.38,0.3651,6,3.11667,4.71429,54.5,NA,NA,2
384,S. Colorado,CO,ND,10,CO10,CO10ND,NDCO10,10,26.5375,NA,NA,NA,0.3116,21,2.83333,5.88696,76.5,-0.4,-1.54,3
385,S. Colorado,CO,ND,11,CO11,CO11ND,NDCO11,10,27.25,3.57,1.65,3.98,0.2412,9,3.13333,7.1,77.2,NA,NA,2
386,S. Colorado,CO,ND,12,CO12,CO12ND,NDCO12,10,25.66,NA,NA,NA,0.5449,39,2.51026,10.675,65.5,-1.55,-2.2,3
387,S. Colorado,CO,ND,13,CO13,CO13ND,NDCO13,10,NA,no pot,no pot,no pot,NA,NA,NA,NA,54.3,NA,NA,7
388,S. Colorado,CO,ND,14,CO14,CO14ND,NDCO14,10,27.05,4.32,2.36,5.19,0.2005,8,3.7,8.7,60,-1.35,-2.03,0
389,S. Colorado,CO,ND,15,CO15,CO15ND,NDCO15,10,26.125,2.67,2.2,6.76,1.0388,9,4.25556,9.21818,75.3,NA,NA,2
390,S. Colorado,CO,ND,16,CO16,CO16ND,NDCO16,10,26.7,3.38,2.54,7.19,0.8847,9,2.34444,9.03,73.5,-2.57,-2.75,0
391,S. Colorado,CO,ND,17,CO17,CO17ND,NDCO17,10,NA,no pot,no pot,no pot,NA,NA,NA,NA,0,NA,NA,7
392,S. Colorado,CO,D,1,CO01,CO1D,DCO1,9,11.275,NA,NA,NA,NA,0,NA,NA,1.905,NA,NA,8
393,S. Colorado,CO,D,2,CO02,CO2D,DCO2,9,11.09285714,0.65,0.62,1.75,0.3558,0,NA,NA,62.3,-0.95,-1.66,2
394,S. Colorado,CO,D,3,CO03,CO3D,DCO3,9,9.4125,2.1,1.18,3.78,1.007,8,3.2125,10.34,65,NA,NA,2
395,S. Colorado,CO,D,4,CO04,CO4D,DCO4,9,9.3,1.73,0.81,3.5,0.6807,3,2.6,7.675,74.5,-5,-3.57,0
396,S. Colorado,CO,D,5,CO05,CO5D,DCO5,9,9.88125,NA,NA,NA,0.2994,6,3.4,8.1625,81.3,-3.12,-3.05,3
397,S. Colorado,CO,D,6,CO06,CO6D,DCO6,9,8.95,2.42,1.31,4.44,0.8627,6,2.4,4.9375,65.2,-3.75,-3.78,0
398,S. Colorado,CO,D,7,CO07,CO7D,DCO7,9,7.083333333,1.63,1.5,4.05,0.2529,15,2.71333,7.89412,64.5,-1.65,-2.35,0
399,S. Colorado,CO,D,8,CO08,CO8D,DCO8,9,7.1,tr,tr,tr,0.1177,14,2.71429,8.15,54.9,NA,NA,2
400,S. Colorado,CO,D,9,CO09,CO9D,DCO9,9,7.59,tr,tr,tr,0.0457,4,3.75,8.96667,52.2,NA,NA,2
401,S. Colorado,CO,D,10,CO10,CO10D,DCO10,9,7.678571429,NA,NA,NA,0.2713,19,2.54211,9.45714,44.45,-2.64,-2.53,3
402,S. Colorado,CO,D,11,CO11,CO11D,DCO11,9,8.866666667,tr,tr,tr,0.0522,3,3.3,13.375,60.6,NA,NA,2
403,S. Colorado,CO,D,12,CO12,CO12D,DCO12,9,7.666666667,NA,NA,NA,0.175,19,2.73684,9.59524,49.53,-0.33,-1.75,3
404,S. Colorado,CO,D,13,CO13,CO13D,DCO13,9,7.35,1.57,1.43,3.38,0.5303,9,2.58889,10.90909,60.1,NA,NA,2
405,S. Colorado,CO,D,14,CO14,CO14D,DCO14,9,10.01,1.49,0.99,2.95,0.5506,0,NA,NA,75,-1.88,-2.38,2
406,S. Colorado,CO,D,15,CO15,CO15D,DCO15,9,8.216666667,tr,tr,tr,0.1426,12,3.5,11.67143,58.5,NA,NA,2
407,S. Colorado,CO,D,16,CO16,CO16D,DCO16,9,7.658333333,1.42,1.94,3.65,0.5503,7,2.22857,8.5,52,-2.24,-2.56,0
408,S. Colorado,CO,D,17,CO17,CO17D,DCO17,9,NA,no pot,no pot,no pot,0.0056,2,2.4,2,0,NA,NA,3
409,S. Dakota,BG,ND,1,BG01,BG1ND,NDBG1,4,25.075,NA,NA,NA,0.5119,10,1.53,9.825,52.5,-2.68,-3.33,3
410,S. Dakota,BG,ND,2,BG02,BG2ND,NDBG2,4,25.8875,2.11,1.37,4.21,1.1796,9,1.71111,12.26364,71.4,NA,NA,2
411,S. Dakota,BG,ND,3,BG03,BG3ND,NDBG3,4,28.4,1.49,1.79,2.79,0.6225,3,2.13333,7.86,56.9,-1.3,-2.45,0
412,S. Dakota,BG,ND,4,BG04,BG4ND,NDBG4,4,27.66,0.58,2.85,4.89,0.0459,11,1.34545,5.15385,42.2,NA,NA,2
413,S. Dakota,BG,ND,5,BG05,BG5ND,NDBG5,4,27.78333333,0.71,0.47,1.58,0.4822,1,2.3,4.4,51,-1.08,-1.87,0
414,S. Dakota,BG,ND,6,BG06,BG6ND,NDBG6,4,26.5625,NA,NA,NA,0.2522,19,2.08947,8.17143,50,-0.68,-0.93,3
415,S. Dakota,BG,ND,7,BG07,BG7ND,NDBG7,4,NA,no pot,no pot,no pot,NA,NA,NA,NA,0,NA,NA,7
416,S. Dakota,BG,ND,8,BG08,BG8ND,NDBG8,4,26.9875,1.75,2.06,3.52,1.1467,6,2.73333,9.325,63.5,-2.8,-3.25,0
417,S. Dakota,BG,ND,9,BG09,BG9ND,NDBG9,4,NA,no pot,no pot,no pot,NA,NA,NA,NA,0,NA,NA,7
418,S. Dakota,BG,ND,10,BG10,BG10ND,NDBG10,4,26.55,NA,NA,NA,0.271,20,2.43,10.77727,49.8,-1.3,-2.23,3
419,S. Dakota,BG,ND,11,BG11,BG11ND,NDBG11,4,27.6375,1.12,1.12,2.49,0.9394,0,NA,NA,63.7,NA,NA,4
420,S. Dakota,BG,ND,12,BG12,BG12ND,NDBG12,4,28.4,NA,NA,NA,0.1347,8,2.25,6.89,43.4,-0.25,-2.25,3
421,S. Dakota,BG,ND,13,BG13,BG13ND,NDBG13,4,27.4375,2.17,1.86,3.75,0.0751,9,2.27778,9.89,43.3,NA,NA,2
422,S. Dakota,BG,ND,14,BG14,BG14ND,NDBG14,4,27.9125,NA,NA,NA,NA,0,NA,NA,6.8,NA,NA,8
423,S. Dakota,BG,ND,15,BG15,BG15ND,NDBG15,4,25.9875,2.56,1.91,4.76,0.0881,12,2.15385,6.05714,49.2,-2.42,-3.53,0
424,S. Dakota,BG,ND,16,BG16,BG16ND,NDBG16,4,23.95,no pot,no pot,no pot,NA,0,NA,NA,0,NA,NA,5
425,S. Dakota,BG,ND,17,BG17,BG17ND,NDBG17,4,23.825,2.73,1.71,3.59,0.0806,12,2.5,8.67857,56.1,NA,NA,2
426,S. Dakota,BG,D,1,BG01,BG1D,DBG1,3,9.216666667,NA,NA,NA,0.1541,3,1.9,5.58,47,-1.65,-2.75,3
427,S. Dakota,BG,D,2,BG02,BG2D,DBG2,3,10.1125,tr,tr,tr,0.0198,3,1.06667,5.475,49,NA,NA,2
428,S. Dakota,BG,D,3,BG03,BG3D,DBG3,3,8.864285714,1.46,1.76,4.12,1.1583,2,1.8,9.73333,51.2,-4.75,-4.55,0
429,S. Dakota,BG,D,4,BG04,BG4D,DBG4,3,8.86875,tr,tr,tr,0.0361,7,2.11429,8.725,53.4,NA,NA,2
430,S. Dakota,BG,D,5,BG05,BG5D,DBG5,3,8.771428571,1.3,1.61,3.2,0.2803,3,2.03333,6.26,38.5,-3.68,-4.18,0
431,S. Dakota,BG,D,6,BG06,BG6D,DBG6,3,11.06,NA,NA,NA,0.0296,2,2.15,12.23333,30,-0.45,-0.92,3
432,S. Dakota,BG,D,7,BG07,BG7D,DBG7,3,10.45714286,tr,tr,tr,0.0195,2,2.6,7.26667,46.5,NA,NA,2
433,S. Dakota,BG,D,8,BG08,BG8D,DBG8,3,10.43,1.02,1.07,2.49,1.0357,5,2.46,11.27143,51.9,-4.5,-5.5,0
434,S. Dakota,BG,D,9,BG09,BG9D,DBG9,3,11.43,0.45,0.68,1.27,0.3656,0,NA,NA,55,NA,NA,4
435,S. Dakota,BG,D,10,BG10,BG10D,DBG10,3,7.838888889,NA,NA,NA,0.1207,0,NA,NA,55.9,-2.08,-2.65,5
436,S. Dakota,BG,D,11,BG11,BG11D,DBG11,3,7.95,no pot,no pot,no pot,NA,0,NA,NA,0,NA,NA,5
437,S. Dakota,BG,D,12,BG12,BG12D,DBG12,3,7.94,NA,NA,NA,0.2818,9,2.81111,13.12,56,-0.3,-2.2,3
438,S. Dakota,BG,D,13,BG13,BG13D,DBG13,3,NA,no pot,no pot,no pot,NA,NA,NA,NA,0,NA,NA,7
439,S. Dakota,BG,D,14,BG14,BG14D,DBG14,3,NA,no pot,no pot,no pot,NA,NA,NA,NA,0,NA,NA,7
440,S. Dakota,BG,D,15,BG15,BG15D,DBG15,3,7.555555556,2.58,2.75,4.58,0.1038,17,2.27059,8.57368,50.8,-4.08,-4.85,0
441,S. Dakota,BG,D,16,BG16,BG16D,DBG16,3,NA,no pot,no pot,no pot,NA,NA,NA,NA,0,NA,NA,7
442,S. Dakota,BG,D,17,BG17,BG17D,DBG17,3,9.04,tr,tr,tr,0.0845,13,2.41538,7.65333,55.2,NA,NA,2
443,New Mexico,SEV,D,2,SEV02,SEV2D,DSEV2,21,9.575,tr,tr,tr,0.2837,12,4.08333,12.56429,72.7,NA,NA,2
444,New Mexico,SEV,ND,1,SEV01,SEV1ND,NDSEV1,22,27.3625,4.53,2.19,7.33,1.0886,16,4.20625,13.41111,84.2,NA,NA,2
445,New Mexico,SEV,D,3,SEV03,SEV3D,DSEV3,21,10.25,tr,tr,tr,0.0593,5,2.68,8.41429,64.6,-2.18,-1.92,0
446,New Mexico,SEV,D,12,SEV12,SEV12D,DSEV12,21,10.89166667,tr,tr,tr,0.0769,7,2.72857,9.3125,73.5,NA,NA,2
447,New Mexico,SEV,D,5,SEV05,SEV5D,DSEV5,21,9.166666667,1.42,1.11,5.36,0.0604,6,3.23333,8.62857,71,NA,NA,2
449,New Mexico,SEV,D,4,SEV04,SEV4D,DSEV4,21,9.09375,met,met,met,0.1111,8,2.5875,14.53,66.9,NA,NA,2
450,New Mexico,SEV,D,8,SEV08,SEV8D,DSEV8,21,9.358333333,1.45,1.23,5.58,0.4179,9,2.94444,5.33636,79.7,-7,-7,0
451,New Mexico,SEV,D,9,SEV09,SEV9D,DSEV9,21,9.341666667,1.55,1.79,6.29,0.432,8,3.0875,5.2,73.8,-6.5,-3.81,0
452,New Mexico,SEV,ND,4,SEV04,SEV4ND,NDSEV4,22,29.175,met,met,met,0.158,9,2.57778,11.72727,78,NA,NA,2
453,New Mexico,SEV,D,11,SEV11,SEV11D,DSEV11,21,9.621428571,tr,tr,tr,0.097,9,3.21111,9.01818,92.6,NA,NA,2
454,New Mexico,SEV,ND,6,SEV06,SEV6ND,NDSEV6,21,27.8,tr,tr,tr,0.0861,7,3.81429,9.71111,96.5,NA,NA,2
455,New Mexico,SEV,D,13,SEV13,SEV13D,DSEV13,21,11.01,1.66,1.92,4.85,0.8764,8,3.1875,7.93,58.3,NA,NA,2
456,New Mexico,SEV,D,10,SEV10,SEV10D,DSEV10,21,8.791666667,met,met,met,0.3433,8,4.2625,12.84,79.3,NA,NA,2
457,New Mexico,SEV,D,15,SEV15,SEV15D,DSEV15,21,9.17,1.98,1.52,5.99,0.1985,10,2.91,5.59167,88.8,-6.5,-4.97,0
458,New Mexico,SEV,D,16,SEV16,SEV16D,DSEV16,21,9.49,1.87,1.34,5.66,0.579,13,3.30769,4.60667,67.6,-5.85,-6.58,0
459,New Mexico,SEV,D,17,SEV17,SEV17D,DSEV17,21,9.775,1.96,1.27,4.7,0.1862,7,4.42857,14.5,87.2,-7,-5.67,0
460,New Mexico,SEV,ND,17,SEV17,SEV17ND,NDSEV17,22,27.3,1.99,1.2,5.33,0.6238,6,3.76667,13.075,92.8,-3.26,-3.65,0
461,New Mexico,SEV,D,1,SEV01,SEV1D,DSEV1,21,8.40625,1.39,1.42,4.08,0.6756,13,3.88462,10.02667,60.8,-3.52,-5.52,0
462,New Mexico,SEV,ND,2,SEV02,SEV2ND,NDSEV2,22,28.44,2.15,2.11,8.31,0.2393,12,3.55,8.22857,85.1,NA,NA,2
463,New Mexico,SEV,ND,3,SEV03,SEV3ND,NDSEV3,22,28.62,1.33,1.5,5.85,0.1313,3,2.9,12.15,85.2,NA,NA,2
464,New Mexico,SEV,ND,10,SEV10,SEV10ND,NDSEV10,21,27.9,met,met,met,0.2964,8,4.425,8.62,90.3,NA,NA,2
465,New Mexico,SEV,ND,5,SEV05,SEV5ND,NDSEV5,22,27.37,2.41,2.01,10.64,0.5651,30,2.95333,8.34063,80.6,NA,NA,2
466,New Mexico,SEV,D,6,SEV06,SEV6D,DSEV6,21,10.51666667,0.73,0.89,7,0.565,4,3.275,10.25,75.9,NA,NA,2
467,New Mexico,SEV,ND,7,SEV07,SEV7ND,NDSEV7,22,27.2,3.19,3.03,10.94,0.6369,11,3.37273,11.6,89.2,NA,NA,2
468,New Mexico,SEV,ND,8,SEV08,SEV8ND,NDSEV8,22,27.08,2.48,1.42,7.81,0.7361,9,3.2,4.23636,101.1,-4.5,-4.8,0
469,New Mexico,SEV,ND,9,SEV09,SEV9ND,NDSEV9,22,27.45,3.58,2.21,8.81,0.3621,17,3.37059,10.76316,93,-4.7,-5.06,0
470,New Mexico,SEV,ND,11,SEV11,SEV11ND,NDSEV11,22,28.025,4.82,2.38,11.66,0.8909,10,3.83,8.125,99.9,-8.8,-7,0
471,New Mexico,SEV,D,14,SEV14,SEV14D,DSEV14,21,9.483333333,met,met,met,0.2403,17,2.54118,7.92105,57.1,NA,NA,2
472,New Mexico,SEV,ND,12,SEV12,SEV12ND,NDSEV12,22,27.43333333,3.25,1.98,9.35,0.8723,11,3.31818,10.3,83,-10,-9.1,0
473,New Mexico,SEV,ND,13,SEV13,SEV13ND,NDSEV13,22,26.8125,2.8,1.76,5.47,0.3699,6,3.41667,7.88571,64.9,NA,NA,2
474,New Mexico,SEV,ND,14,SEV14,SEV14ND,NDSEV14,21,27.05,met,met,met,0.1738,13,2.54615,6.17333,75,NA,NA,2
475,New Mexico,SEV,ND,15,SEV15,SEV15ND,NDSEV15,22,26.6,1.57,1.71,6.69,0.1068,4,2.9,6.91667,93.8,-4.09,-4.52,0
476,New Mexico,SEV,ND,16,SEV16,SEV16ND,NDSEV16,22,29.7625,1.81,1.57,5.32,0.7299,6,3.9,8.7,79.3,-0.94,-1.91,0
477,New Mexico,CIB,ND,1,CI01,CIB1ND,NDCIB1,8,27.06,4.24,2.75,12.5,2.2383,24,5.0625,17.06538,75,NA,NA,2
478,New Mexico,CIB,ND,2,CI02,CIB2ND,NDCIB2,8,28.5875,2.99,2.24,8.53,1.2282,26,2.81538,8.55714,76.8,NA,NA,2
479,New Mexico,CIB,ND,3,CI03,CIB3ND,NDCIB3,8,28.99,2.76,0.97,5.81,0.5167,8,3.2125,5.11,79.8,-4.5,-4.39,0
480,New Mexico,CIB,ND,4,CI04,CIB4ND,NDCIB4,8,28.1375,3.09,1.57,8.3,0.6335,13,3.46154,7.34,93.2,-6.5,-5.86,0
481,New Mexico,CIB,ND,5,CI05,CIB5ND,NDCIB5,8,28.63333333,2.58,1.16,8,0.5926,21,2.14286,7.51739,67.2,-4.85,-3.98,0
482,New Mexico,CIB,ND,6,CI06,CIB6ND,NDCIB6,8,29.2,1.02,0.92,3.37,0.5813,7,3.05714,16.45,85.3,-0.81,-1.68,0
483,New Mexico,CIB,ND,7,CI07,CIB7ND,NDCIB7,8,28.5875,2.34,1.74,7.8,1.1669,11,4.15455,11.11538,72,-2.68,-2.55,0
484,New Mexico,CIB,ND,8,CI08,CIB8ND,NDCIB8,8,27.36666667,4.9,2.29,9.92,1.0832,26,2.87308,12.42857,65,-5.8,-7.82,0
485,New Mexico,CIB,ND,9,CI09,CIB9ND,NDCIB9,8,28.32,2.43,1.67,6.82,0.9866,7,4.68571,8.56667,85,-3.2,-4.99,0
486,New Mexico,CIB,ND,10,CI10,CIB10ND,NDCIB10,8,27.05,5.01,2.51,6.54,0.5579,26,3.90385,10.95,69.7,NA,NA,2
487,New Mexico,CIB,ND,11,CI11,CIB11ND,NDCIB11,8,27.83333333,3.45,1.82,6.16,0.2818,12,3.775,10.25,94.1,NA,NA,2
488,New Mexico,CIB,ND,12,CI12,CIB12ND,NDCIB12,8,28.76666667,2.62,0.87,5.57,0.8823,7,3.11429,7.95556,76,NA,NA,2
489,New Mexico,CIB,ND,13,CI13,CIB13ND,NDCIB13,8,28.2,3.3,2.27,9.43,1.6956,18,4.43333,12.63,83,NA,NA,2
490,New Mexico,CIB,ND,14,CI14,CIB14ND,NDCIB14,8,28.3,2.45,1.21,6.76,0.7279,26,2.37692,7.16071,69.5,NA,NA,2
491,New Mexico,CIB,ND,15,CI15,CIB15ND,NDCIB15,8,28.06666667,0.82,0.61,2.17,0.3108,3,3.93333,3.46,73.6,NA,NA,2
492,New Mexico,CIB,ND,16,CI16,CIB16ND,NDCIB16,8,27.78333333,3.37,1.76,9.71,1.5102,15,3.64667,11.74706,87.9,NA,NA,2
493,New Mexico,CIB,ND,17,CI17,CIB17ND,NDCIB17,8,27.56666667,3.84,0.97,8.48,0.9003,17,3.09412,12.13684,100.1,NA,NA,2
494,New Mexico,CIB,D,1,CI01,CIB1D,DCIB1,7,8.65,1.74,0.88,6.7,1.2171,12,4.65833,15.7,65.6,NA,NA,2
495,New Mexico,CIB,D,2,CI02,CIB2D,DCIB2,7,11.85,1.59,1.46,4.5,0.7598,2,2.2,3.1,73.2,NA,NA,2
496,New Mexico,CIB,D,3,CI03,CIB3D,DCIB3,7,10.26875,0.69,0.85,3.69,0.7838,7,2.68571,7.97778,73.5,NA,NA,2
497,New Mexico,CIB,D,4,CI04,CIB4D,DCIB4,7,9.428571429,1.18,0.72,5.19,0.55,7,3.02857,4.97778,77.9,NA,NA,2
498,New Mexico,CIB,D,5,CI05,CIB5D,DCIB5,7,9.166666667,1.94,1.15,5.44,1.171,16,2.4,9.36111,71.3,-4.18,-4.62,0
499,New Mexico,CIB,D,6,CI06,CIB6D,DCIB6,7,9.933333333,tr,tr,tr,0.2891,4,3.2,20.28,78.8,-5.8,-5.07,0
500,New Mexico,CIB,D,7,CI07,CIB7D,DCIB7,7,9.8,tr,tr,tr,0.6146,8,3.5375,8.7,62.6,-5.08,-5.82,0
501,New Mexico,CIB,D,8,CI08,CIB8D,DCIB8,7,9.37,2,1.26,4.44,1.1913,12,2.80833,7.76429,56.8,-5.72,-6.61,0
502,New Mexico,CIB,D,9,CI09,CIB9D,DCIB9,7,8.51,1.78,1.08,5.22,1.2171,11,4.2,12,68.1,-4.05,-4,0
503,New Mexico,CIB,D,10,CI10,CIB10D,DCIB10,7,8.628571429,1.46,1.08,5.56,0.2091,20,3.655,8.94545,66.8,NA,NA,2
504,New Mexico,CIB,D,11,CI11,CIB11D,DCIB11,7,8.791666667,tr,tr,tr,0.2799,7,3.85714,10.2125,70.5,NA,NA,2
505,New Mexico,CIB,D,12,CI12,CIB12D,DCIB12,7,9.985714286,1.97,1.36,4.75,0.9254,9,2.97778,6.51818,67.6,NA,NA,2
506,New Mexico,CIB,D,13,CI13,CIB13D,DCIB13,7,8.414285714,1.62,1.39,4.94,0.2044,19,3.37368,9.67143,70.9,NA,NA,2
507,New Mexico,CIB,D,14,CI14,CIB14D,DCIB14,7,9.7875,tr,tr,tr,0.4266,12,2.39167,8.82857,69.9,NA,NA,2
508,New Mexico,CIB,D,15,CI15,CIB15D,DCIB15,7,9.514285714,1.25,0.91,6.67,1.1248,8,4.5125,10.69,73,NA,NA,2
509,New Mexico,CIB,D,16,CI16,CIB16D,DCIB16,7,9.29,1.26,1.08,7.18,0.829,11,3.70909,12.07692,80.2,NA,NA,2
510,New Mexico,CIB,D,17,CI17,CIB17D,DCIB17,7,8.8125,1.75,1.56,5.77,0.7867,7,3.51429,12.775,83,NA,NA,2